Date,Short Volume,Total Volume
2010-06-29,519232.0,1086984.0
2010-06-30,309457.0,629033.0
2010-07-01,112425.0,299553.0
2010-07-02,153978.0,225273.0
2010-07-06,179262.0,308389.0
2010-07-07,161303.0,307225.0
2010-07-08,210380.0,455840.0
2010-07-09,101845.0,180458.0
2010-07-12,53050.0,89049.0
2010-07-13,44450.0,79935.0
2010-07-14,124140.0,196039.0
2010-07-15,121958.0,205888.0
2010-07-16,66112.0,118756.0
2010-07-19,51462.0,106960.0
2010-07-20,36756.0,71289.0
2010-07-21,17300.0,91108.0
2010-07-22,16720.0,42052.0
2010-07-23,7900.0,19700.0
2010-07-26,42496.0,63265.0
2010-07-27,15307.0,30617.0
2010-07-28,8200.0,18770.0
2010-07-29,7500.0,34459.0
2010-07-30,11573.0,44791.0
2010-08-02,13400.0,48363.0
2010-08-03,40336.0,109079.0
2010-08-04,5800.0,57899.0
2010-08-05,11712.0,41476.0
2010-08-06,9200.0,50480.0
2010-08-09,33414.0,81418.0
2010-08-10,10205.0,38184.0
2010-08-11,20537.0,43275.0
2010-08-12,15000.0,39569.0
2010-08-13,13593.0,29128.0
2010-08-16,15633.0,34196.0
2010-08-17,21460.0,35763.0
2010-08-18,14706.0,36643.0
2010-08-19,11860.0,32982.0
2010-08-20,10924.0,16137.0
2010-08-23,19892.0,48445.0
2010-08-24,15395.0,34023.0
2010-08-25,12100.0,24636.0
2010-08-26,10600.0,20600.0
2010-08-27,36431.0,46993.0
2010-08-30,32405.0,65982.0
2010-08-31,8900.0,20130.0
2010-09-01,20922.0,31536.0
2010-09-02,19722.0,51983.0
2010-09-03,10402.0,29372.0
2010-09-07,8050.0,17050.0
2010-09-08,3450.0,17900.0
2010-09-09,6970.0,17370.0
2010-09-10,6191.0,19495.0
2010-09-13,5200.0,12500.0
2010-09-14,9701.0,30806.0
2010-09-15,41168.0,55718.0
2010-09-16,102234.0,218231.0
2010-09-17,49950.0,95288.0
2010-09-20,40769.0,56961.0
2010-09-21,37517.0,62677.0
2010-09-22,79843.0,107009.0
2010-09-23,38042.0,48942.0
2010-09-24,27670.0,34398.0
2010-09-27,23800.0,34682.0
2010-09-28,60942.0,88842.0
2010-09-29,86130.0,108401.0
2010-09-30,69453.0,89730.0
2010-10-01,27236.0,35156.0
2010-10-04,13700.0,30600.0
2010-10-05,8394.0,29401.0
2010-10-06,14400.0,24050.0
2010-10-07,4300.0,8958.0
2010-10-08,6708.0,11400.0
2010-10-11,1864.0,7229.0
2010-10-12,6500.0,11770.0
2010-10-13,6800.0,12300.0
2010-10-14,11000.0,18375.0
2010-10-15,7698.0,15098.0
2010-10-18,3700.0,8300.0
2010-10-19,19335.0,28210.0
2010-10-20,17943.0,26072.0
2010-10-21,5700.0,13700.0
2010-10-22,2200.0,6309.0
2010-10-25,1950.0,7030.0
2010-10-26,3052.0,15975.0
2010-10-27,9200.0,16400.0
2010-10-28,12507.0,17757.0
2010-10-29,7900.0,15882.0
2010-11-01,7990.0,15014.0
2010-11-02,7130.0,12367.0
2010-11-03,15997.0,22797.0
2010-11-04,46761.0,86057.0
2010-11-05,25047.0,53464.0
2010-11-08,12600.0,19600.0
2010-11-09,24416.0,47296.0
2010-11-10,86505.0,212511.0
2010-11-11,35135.0,109187.0
2010-11-12,43927.0,134978.0
2010-11-15,73537.0,151243.0
2010-11-16,30964.0,76743.0
2010-11-17,23093.0,43376.0
2010-11-18,21100.0,49762.0
2010-11-19,42876.0,87075.0
2010-11-22,55214.0,116789.0
2010-11-23,41036.0,121267.0
2010-11-24,61110.0,123485.0
2010-11-26,13756.0,25503.0
2010-11-29,48491.0,117205.0
2010-11-30,66996.0,137670.0
2010-12-01,20978.0,97796.0
2010-12-02,58371.0,214175.0
2010-12-03,20773.0,87575.0
2010-12-06,38890.0,101695.0
2010-12-07,26523.0,96725.0
2010-12-08,14354.0,50373.0
2010-12-09,3647.0,34574.0
2010-12-10,14200.0,37845.0
2010-12-13,9300.0,36217.0
2010-12-14,22863.0,94293.0
2010-12-15,24913.0,69370.0
2010-12-16,33546.0,87551.0
2010-12-17,14133.0,44796.0
2010-12-20,9217.0,37523.0
2010-12-21,26531.0,74494.0
2010-12-22,48659.0,76047.0
2010-12-23,61259.0,91773.0
2010-12-27,103456.0,552958.0
2010-12-28,80667.0,312857.0
2010-12-29,46386.0,151954.0
2010-12-30,76900.0,154021.0
2010-12-31,32594.0,62933.0
2011-01-03,33236.0,88098.0
2011-01-04,18489.0,45909.0
2011-01-05,29776.0,60679.0
2011-01-06,31962.0,138422.0
2011-01-07,42109.0,93481.0
2011-01-10,35458.0,82334.0
2011-01-11,41989.0,85314.0
2011-01-12,28877.0,45500.0
2011-01-13,10880.0,17479.0
2011-01-14,27722.0,66335.0
2011-01-18,30934.0,71114.0
2011-01-19,103690.0,221196.0
2011-01-20,69348.0,150497.0
2011-01-21,37308.0,96366.0
2011-01-24,57281.0,123772.0
2011-01-25,60323.0,105436.0
2011-01-26,39800.0,73601.0
2011-01-27,33730.0,53795.0
2011-01-28,34490.0,53234.0
2011-01-31,37730.0,63525.0
2011-02-01,26190.0,38340.0
2011-02-02,34119.0,53139.0
2011-02-03,21479.0,34465.0
2011-02-04,30300.0,41700.0
2011-02-07,58379.0,88043.0
2011-02-08,147042.0,224733.0
2011-02-09,84541.0,160906.0
2011-02-10,31122.0,82229.0
2011-02-11,28834.0,41034.0
2011-02-14,29887.0,65973.0
2011-02-15,55432.0,88166.0
2011-02-16,107847.0,254239.0
2011-02-17,86313.0,175029.0
2011-02-18,83402.0,162323.0
2011-02-22,43438.0,100599.0
2011-02-23,39913.0,74583.0
2011-02-24,51833.0,174247.0
2011-02-25,36300.0,62820.0
2011-02-28,56519.0,66019.0
2011-03-01,61597.0,73684.0
2011-03-02,37600.0,49850.0
2011-03-03,20900.0,31902.0
2011-03-04,65801.0,100076.0
2011-03-07,97538.0,159793.0
2011-03-08,56812.0,103732.0
2011-03-09,32327.0,57106.0
2011-03-10,39560.0,82644.0
2011-03-11,48916.0,104958.0
2011-03-14,92992.0,148965.0
2011-03-15,56442.0,110900.0
2011-03-16,55591.0,77364.0
2011-03-17,44533.0,69539.0
2011-03-18,30144.0,40541.0
2011-03-21,14594.0,22094.0
2011-03-22,16267.0,27800.0
2011-03-23,14600.0,21500.0
2011-03-24,10440.0,20240.0
2011-03-25,21589.0,38520.0
2011-03-28,47405.0,70196.0
2011-03-29,28803.0,39703.0
2011-03-30,55174.0,81907.0
2011-03-31,165004.0,440766.0
2011-04-01,100356.0,158303.0
2011-04-04,71462.0,145955.0
2011-04-05,62697.0,135134.0
2011-04-06,57700.0,100602.0
2011-04-07,43613.0,118989.0
2011-04-08,67141.0,107281.0
2011-04-11,63708.0,104272.0
2011-04-12,44903.0,112593.0
2011-04-13,26500.0,49014.0
2011-04-14,32215.0,59086.0
2011-04-15,24300.0,56644.0
2011-04-18,41462.0,63419.0
2011-04-19,10300.0,21400.0
2011-04-20,15750.0,22750.0
2011-04-21,21464.0,41264.0
2011-04-25,22565.0,30073.0
2011-04-26,42348.0,77457.0
2011-04-27,39932.0,64100.0
2011-04-28,26610.0,80884.0
2011-04-29,24227.0,40213.0
2011-05-02,25214.0,44389.0
2011-05-03,32835.0,57416.0
2011-05-04,23072.0,54629.0
2011-05-05,53476.0,94846.0
2011-05-06,12209.0,42480.0
2011-05-09,20022.0,42829.0
2011-05-10,25767.0,77011.0
2011-05-11,17018.0,60037.0
2011-05-12,14300.0,41626.0
2011-05-13,14202.0,22997.0
2011-05-16,20978.0,46587.0
2011-05-17,52900.0,105637.0
2011-05-18,19753.0,46452.0
2011-05-19,79753.0,157661.0
2011-05-20,26233.0,47498.0
2011-05-23,34682.0,68191.0
2011-05-24,23187.0,36424.0
2011-05-25,204782.0,405251.0
2011-05-26,110941.0,216964.0
2011-05-27,45944.0,89660.0
2011-05-31,109682.0,187832.0
2011-06-01,56273.0,95819.0
2011-06-02,38532.0,75239.0
2011-06-03,216755.0,442549.0
2011-06-06,74502.0,178471.0
2011-06-07,47750.0,93561.0
2011-06-08,44893.0,101388.0
2011-06-09,78933.0,148432.0
2011-06-10,42336.0,117917.0
2011-06-13,57328.0,106597.0
2011-06-14,45472.0,107960.0
2011-06-15,44075.0,96194.0
2011-06-16,81440.0,132138.0
2011-06-17,102701.0,181972.0
2011-06-20,78457.0,120332.0
2011-06-21,55743.0,87627.0
2011-06-22,81950.0,114883.0
2011-06-23,55067.0,116247.0
2011-06-24,70799.0,115637.0
2011-06-27,84551.0,125165.0
2011-06-28,34012.0,53340.0
2011-06-29,43174.0,72563.0
2011-06-30,34496.0,57430.0
2011-07-01,15608.0,33831.0
2011-07-05,39652.0,70403.0
2011-07-06,58569.0,77818.0
2011-07-07,60868.0,105758.0
2011-07-08,39624.0,71109.0
2011-07-11,76621.0,114619.0
2011-07-12,60396.0,91344.0
2011-07-13,103455.0,132205.0
2011-07-14,44393.0,65579.0
2011-07-15,41524.0,67837.0
2011-07-18,61203.0,74235.0
2011-07-19,46567.0,66990.0
2011-07-20,146740.0,293635.0
2011-07-21,79627.0,131890.0
2011-07-22,61860.0,87676.0
2011-07-25,44529.0,70176.0
2011-07-26,24056.0,41185.0
2011-07-27,34473.0,43801.0
2011-07-28,47282.0,71277.0
2011-07-29,44028.0,70776.0
2011-08-01,81391.0,152009.0
2011-08-02,78482.0,128887.0
2011-08-03,84901.0,165218.0
2011-08-04,163681.0,256005.0
2011-08-05,86063.0,179839.0
2011-08-08,141808.0,238169.0
2011-08-09,66884.0,111608.0
2011-08-10,61445.0,116259.0
2011-08-11,54934.0,85664.0
2011-08-12,42408.0,79611.0
2011-08-15,40728.0,77036.0
2011-08-16,23642.0,40395.0
2011-08-17,27469.0,68211.0
2011-08-18,107163.0,155776.0
2011-08-19,70672.0,134698.0
2011-08-22,48153.0,103384.0
2011-08-23,83215.0,113893.0
2011-08-24,52097.0,103584.0
2011-08-25,66602.0,106287.0
2011-08-26,36459.0,68559.0
2011-08-29,54544.0,78714.0
2011-08-30,47154.0,58175.0
2011-08-31,85869.0,98297.0
2011-09-01,99093.0,125213.0
2011-09-02,50167.0,90696.0
2011-09-06,47127.0,76828.0
2011-09-07,32141.0,47791.0
2011-09-08,28127.0,38487.0
2011-09-09,32389.0,39489.0
2011-09-12,33686.0,46751.0
2011-09-13,43708.0,79543.0
2011-09-14,41778.0,74144.0
2011-09-15,41105.0,72137.0
2011-09-16,80577.0,129925.0
2011-09-19,79400.0,126378.0
2011-09-20,51178.0,89003.0
2011-09-21,78697.0,105614.0
2011-09-22,59146.0,85297.0
2011-09-23,68078.0,114480.0
2011-09-26,63108.0,111468.0
2011-09-27,28899.0,66902.0
2011-09-28,46779.0,77314.0
2011-09-29,50115.0,68754.0
2011-09-30,65183.0,89779.0
2011-10-03,73794.0,87485.0
2011-10-04,73388.0,112680.0
2011-10-05,70245.0,118936.0
2011-10-06,111357.0,172892.0
2011-10-07,63495.0,112614.0
2011-10-10,61774.0,99528.0
2011-10-11,19305.0,45409.0
2011-10-12,43345.0,100418.0
2011-10-13,30221.0,56334.0
2011-10-14,66966.0,131635.0
2011-10-17,31571.0,48105.0
2011-10-18,41800.0,75519.0
2011-10-19,26190.0,56596.0
2011-10-20,52109.0,69617.0
2011-10-21,74384.0,98566.0
2011-10-24,33173.0,62285.0
2011-10-25,33476.0,51710.0
2011-10-26,20905.0,37425.0
2011-10-27,34011.0,61944.0
2011-10-28,36813.0,64215.0
2011-10-31,29592.0,108124.0
2011-11-01,44003.0,70264.0
2011-11-02,37021.0,105449.0
2011-11-03,91691.0,246947.0
2011-11-04,113830.0,275844.0
2011-11-07,44716.0,155176.0
2011-11-08,22563.0,101440.0
2011-11-09,29742.0,73072.0
2011-11-10,25841.0,58496.0
2011-11-11,161667.0,293058.0
2011-11-14,53117.0,116695.0
2011-11-15,38725.0,91820.0
2011-11-16,68862.0,107867.0
2011-11-17,64609.0,127651.0
2011-11-18,34464.0,77668.0
2011-11-21,33700.0,100060.0
2011-11-22,39075.0,91605.0
2011-11-23,18264.0,29464.0
2011-11-25,9199.0,13425.0
2011-11-28,26530.0,52998.0
2011-11-29,27871.0,50621.0
2011-11-30,22667.0,51535.0
2011-12-01,24800.0,78148.0
2011-12-02,60886.0,102672.0
2011-12-05,52189.0,111428.0
2011-12-06,40988.0,78779.0
2011-12-07,23703.0,41819.0
2011-12-08,170181.0,308882.0
2011-12-09,43877.0,81401.0
2011-12-12,28520.0,62079.0
2011-12-13,21640.0,94269.0
2011-12-14,34946.0,86181.0
2011-12-15,25212.0,50209.0
2011-12-16,28936.0,47324.0
2011-12-19,21812.0,55216.0
2011-12-20,19621.0,56427.0
2011-12-21,54357.0,129121.0
2011-12-22,22633.0,62593.0
2011-12-23,8299.0,39930.0
2011-12-27,22400.0,46664.0
2011-12-28,31213.0,54177.0
2011-12-29,22389.0,47739.0
2011-12-30,6344.0,19204.0
2012-01-03,41958.0,62847.0
2012-01-04,13690.0,33270.0
2012-01-05,61685.0,79809.0
2012-01-06,48118.0,100921.0
2012-01-09,22203.0,46149.0
2012-01-10,50366.0,84067.0
2012-01-11,26464.0,57374.0
2012-01-12,34206.0,75219.0
2012-01-13,478321.0,653647.0
2012-01-17,223012.0,436164.0
2012-01-18,26269.0,69402.0
2012-01-19,86027.0,152485.0
2012-01-20,50926.0,90127.0
2012-01-23,22360.0,71061.0
2012-01-24,34384.0,76673.0
2012-01-25,17742.0,52797.0
2012-01-26,27827.0,77875.0
2012-01-27,22100.0,54473.0
2012-01-30,38576.0,72914.0
2012-01-31,26565.0,52006.0
2012-02-01,20862.0,35224.0
2012-02-02,24300.0,60819.0
2012-02-03,18891.0,36761.0
2012-02-06,13224.0,40179.0
2012-02-07,16649.0,44793.0
2012-02-08,18207.0,26802.0
2012-02-09,28496.0,63172.0
2012-02-10,68210.0,147335.0
2012-02-13,44488.0,92466.0
2012-02-14,107760.0,208382.0
2012-02-15,65360.0,158377.0
2012-02-16,70977.0,160557.0
2012-02-17,56567.0,89165.0
2012-02-21,38269.0,71150.0
2012-02-22,55560.0,93506.0
2012-02-23,16659.0,41665.0
2012-02-24,9461.0,59310.0
2012-02-27,21822.0,53541.0
2012-02-28,21985.0,48961.0
2012-02-29,19322.0,27213.0
2012-03-01,19890.0,35159.0
2012-03-02,10004.0,23971.0
2012-03-05,25192.0,32892.0
2012-03-06,12365.0,23332.0
2012-03-07,6658.0,23587.0
2012-03-08,8713.0,23194.0
2012-03-09,29350.0,91568.0
2012-03-12,60857.0,148697.0
2012-03-13,24286.0,52106.0
2012-03-14,20404.0,48885.0
2012-03-15,12550.0,23210.0
2012-03-16,27008.0,53106.0
2012-03-19,54507.0,83579.0
2012-03-20,32468.0,60833.0
2012-03-21,26471.0,49974.0
2012-03-22,19893.0,35015.0
2012-03-23,37006.0,70088.0
2012-03-26,60511.0,171777.0
2012-03-27,51715.0,134773.0
2012-03-28,29383.0,75197.0
2012-03-29,18226.0,49978.0
2012-03-30,14299.0,42569.0
2012-04-02,26203.0,60627.0
2012-04-03,22415.0,50876.0
2012-04-04,65305.0,285412.0
2012-04-05,22526.0,102669.0
2012-04-09,21007.0,89408.0
2012-04-10,37192.0,123233.0
2012-04-11,19751.0,66799.0
2012-04-12,55046.0,111455.0
2012-04-13,20004.0,48647.0
2012-04-16,30216.0,90533.0
2012-04-17,35281.0,128199.0
2012-04-18,17481.0,62927.0
2012-04-19,15800.0,37183.0
2012-04-20,26703.0,62610.0
2012-04-23,16102.0,51644.0
2012-04-24,23300.0,51654.0
2012-04-25,21933.0,48944.0
2012-04-26,13540.0,29674.0
2012-04-27,16671.0,30075.0
2012-04-30,15447.0,30371.0
2012-05-01,16713.0,37198.0
2012-05-02,24405.0,38275.0
2012-05-03,28131.0,64553.0
2012-05-04,65634.0,110912.0
2012-05-07,48314.0,92478.0
2012-05-08,142376.0,263391.0
2012-05-09,72780.0,187022.0
2012-05-10,213284.0,470889.0
2012-05-11,72344.0,139493.0
2012-05-14,82219.0,150332.0
2012-05-15,61765.0,136240.0
2012-05-16,54618.0,118733.0
2012-05-17,33973.0,81774.0
2012-05-18,47829.0,133235.0
2012-05-21,37574.0,138991.0
2012-05-22,79760.0,159478.0
2012-05-23,35995.0,96505.0
2012-05-24,25154.0,64729.0
2012-05-25,34445.0,60361.0
2012-05-29,45493.0,97295.0
2012-05-30,27328.0,55764.0
2012-05-31,33500.0,73284.0
2012-06-01,30509.0,70807.0
2012-06-04,129380.0,171794.0
2012-06-05,12103.0,34042.0
2012-06-06,12000.0,48567.0
2012-06-07,9437.0,17457.0
2012-06-08,22139.0,55494.0
2012-06-11,18084.0,30723.0
2012-06-12,13190.0,30675.0
2012-06-13,26822.0,59346.0
2012-06-14,24184.0,64828.0
2012-06-15,21572.0,44684.0
2012-06-18,26337.0,68177.0
2012-06-19,17463.0,42294.0
2012-06-20,74013.0,186433.0
2012-06-21,35259.0,92381.0
2012-06-22,56132.0,114183.0
2012-06-25,28528.0,76660.0
2012-06-26,36318.0,181367.0
2012-06-27,14372.0,65011.0
2012-06-28,13907.0,56005.0
2012-06-29,17792.0,63615.0
2012-07-02,50658.0,118074.0
2012-07-03,43704.0,76687.0
2012-07-05,35997.0,99238.0
2012-07-06,34014.0,59616.0
2012-07-09,20301.0,79962.0
2012-07-10,19402.0,36056.0
2012-07-11,7640.0,28656.0
2012-07-12,38573.0,92348.0
2012-07-13,33037.0,71842.0
2012-07-16,57830.0,103071.0
2012-07-17,73668.0,200197.0
2012-07-18,113104.0,236948.0
2012-07-19,45815.0,73249.0
2012-07-20,60852.0,125618.0
2012-07-23,39033.0,82142.0
2012-07-24,70851.0,103257.0
2012-07-25,117259.0,211784.0
2012-07-26,75633.0,154023.0
2012-07-27,47583.0,101237.0
2012-07-30,93368.0,137564.0
2012-07-31,48680.0,103090.0
2012-08-01,45198.0,105808.0
2012-08-02,28054.0,79981.0
2012-08-03,44812.0,117640.0
2012-08-06,23986.0,79581.0
2012-08-07,29887.0,132630.0
2012-08-08,23295.0,73380.0
2012-08-09,20083.0,65403.0
2012-08-10,4400.0,21940.0
2012-08-13,13659.0,44506.0
2012-08-14,13293.0,59952.0
2012-08-15,8789.0,31440.0
2012-08-16,5168.0,33234.0
2012-08-17,9932.0,25460.0
2012-08-20,23699.0,59658.0
2012-08-21,22096.0,82989.0
2012-08-22,12928.0,54848.0
2012-08-23,48927.0,131009.0
2012-08-24,94355.0,158619.0
2012-08-27,76067.0,147831.0
2012-08-28,65761.0,125536.0
2012-08-29,26019.0,50891.0
2012-08-30,23308.0,43074.0
2012-08-31,8958.0,21853.0
2012-09-04,20885.0,41268.0
2012-09-05,17481.0,36235.0
2012-09-06,24834.0,81904.0
2012-09-07,30708.0,76753.0
2012-09-10,25161.0,61097.0
2012-09-11,30570.0,66307.0
2012-09-12,59474.0,96273.0
2012-09-13,81072.0,151941.0
2012-09-14,70287.0,186448.0
2012-09-17,98485.0,231151.0
2012-09-18,37323.0,125787.0
2012-09-19,16805.0,50904.0
2012-09-20,11147.0,36324.0
2012-09-21,28059.0,99586.0
2012-09-24,49995.0,121480.0
2012-09-25,146195.0,308360.0
2012-09-26,18449.0,91550.0
2012-09-27,22900.0,81519.0
2012-09-28,107416.0,395571.0
2012-10-01,12751.0,55303.0
2012-10-02,13120.0,33397.0
2012-10-03,22534.0,67437.0
2012-10-04,40589.0,76696.0
2012-10-05,8490.0,26498.0
2012-10-08,22906.0,54637.0
2012-10-09,69992.0,103359.0
2012-10-10,22180.0,34234.0
2012-10-11,30048.0,40470.0
2012-10-12,25378.0,45794.0
2012-10-15,20074.0,68572.0
2012-10-16,13453.0,28266.0
2012-10-17,9817.0,27564.0
2012-10-18,16831.0,32779.0
2012-10-19,18315.0,51134.0
2012-10-22,11186.0,20683.0
2012-10-23,10231.0,23373.0
2012-10-24,26600.0,45324.0
2012-10-25,10500.0,23868.0
2012-10-26,27531.0,40143.0
2012-10-31,19874.0,51930.0
2012-11-01,14400.0,49145.0
2012-11-02,23961.0,57976.0
2012-11-05,44521.0,110539.0
2012-11-06,25125.0,86084.0
2012-11-07,39816.0,121826.0
2012-11-08,55295.0,121814.0
2012-11-09,29039.0,62155.0
2012-11-12,11023.0,18623.0
2012-11-13,32183.0,51973.0
2012-11-14,26048.0,41222.0
2012-11-15,32116.0,53789.0
2012-11-16,31333.0,55518.0
2012-11-19,35927.0,73571.0
2012-11-20,26448.0,51179.0
2012-11-21,33875.0,63305.0
2012-11-23,11114.0,29214.0
2012-11-26,8573.0,22173.0
2012-11-27,17145.0,53319.0
2012-11-28,59488.0,132993.0
2012-11-29,58084.0,128368.0
2012-11-30,51150.0,114762.0
2012-12-03,77797.0,148161.0
2012-12-04,43005.0,79788.0
2012-12-05,23978.0,40186.0
2012-12-06,20072.0,38527.0
2012-12-07,21149.0,41271.0
2012-12-10,23750.0,43971.0
2012-12-11,40747.0,73013.0
2012-12-12,30262.0,89374.0
2012-12-13,57740.0,155536.0
2012-12-14,27023.0,57126.0
2012-12-17,25758.0,41388.0
2012-12-18,22470.0,58732.0
2012-12-19,19893.0,55067.0
2012-12-20,15842.0,55650.0
2012-12-21,18084.0,55296.0
2012-12-24,5900.0,21134.0
2012-12-26,14400.0,36108.0
2012-12-27,10688.0,31434.0
2012-12-28,17107.0,25639.0
2012-12-31,19416.0,41176.0
2013-01-02,30231.0,89748.0
2013-01-03,17015.0,57828.0
2013-01-04,13711.0,38268.0
2013-01-07,6954.0,28693.0
2013-01-08,37406.0,106338.0
2013-01-09,16449.0,49099.0
2013-01-10,17384.0,63231.0
2013-01-11,33586.0,120792.0
2013-01-14,44146.0,100527.0
2013-01-15,37315.0,105442.0
2013-01-16,67728.0,153325.0
2013-01-17,66761.0,136798.0
2013-01-18,206522.0,276047.0
2013-01-22,58862.0,137365.0
2013-01-23,45359.0,125926.0
2013-01-24,53598.0,118288.0
2013-01-25,42959.0,91451.0
2013-01-28,93728.0,164924.0
2013-01-29,87193.0,126470.0
2013-01-30,31438.0,52482.0
2013-01-31,32233.0,47271.0
2013-02-01,31839.0,52188.0
2013-02-04,48527.0,73288.0
2013-02-05,123896.0,162477.0
2013-02-06,132060.0,186418.0
2013-02-07,65890.0,98270.0
2013-02-08,40337.0,64397.0
2013-02-11,135932.0,314206.0
2013-02-12,59231.0,123227.0
2013-02-13,39304.0,59095.0
2013-02-14,39456.0,62922.0
2013-02-15,48550.0,113366.0
2013-02-19,101516.0,173271.0
2013-02-20,117962.0,169969.0
2013-02-21,283327.0,533267.0
2013-02-22,60535.0,123182.0
2013-02-25,125537.0,225946.0
2013-02-26,38000.0,123207.0
2013-02-27,86257.0,164593.0
2013-02-28,60128.0,105200.0
2013-03-01,39190.0,105734.0
2013-03-04,63449.0,179116.0
2013-03-05,29432.0,71180.0
2013-03-06,41078.0,66599.0
2013-03-07,50655.0,82870.0
2013-03-08,47146.0,92383.0
2013-03-11,42447.0,113634.0
2013-03-12,23576.0,90564.0
2013-03-13,35784.0,58889.0
2013-03-14,51347.0,138132.0
2013-03-15,64521.0,182974.0
2013-03-18,43550.0,88029.0
2013-03-19,39412.0,91677.0
2013-03-20,36261.0,104413.0
2013-03-21,37904.0,89450.0
2013-03-22,11273.0,26576.0
2013-03-25,75545.0,185950.0
2013-03-26,25750.0,116047.0
2013-03-27,22570.0,106159.0
2013-03-28,22566.0,59192.0
2013-04-01,429801.0,920507.0
2013-04-02,107121.0,311975.0
2013-04-03,164139.0,431235.0
2013-04-04,78978.0,176613.0
2013-04-05,64169.0,128101.0
2013-04-08,55164.0,109755.0
2013-04-09,44957.0,104696.0
2013-04-10,57311.0,169901.0
2013-04-11,169330.0,305282.0
2013-04-12,110229.0,207239.0
2013-04-15,68274.0,159101.0
2013-04-16,128083.0,229190.0
2013-04-17,34914.0,133856.0
2013-04-18,61097.0,158001.0
2013-04-19,99532.0,212040.0
2013-04-22,142382.0,341541.0
2013-04-23,76467.0,295398.0
2013-04-24,38367.0,174890.0
2013-04-25,55207.0,183235.0
2013-04-26,93448.0,261259.0
2013-04-29,157311.0,372964.0
2013-04-30,138780.0,372708.0
2013-05-01,48805.0,127388.0
2013-05-02,110127.0,211088.0
2013-05-03,63737.0,158599.0
2013-05-06,88629.0,220253.0
2013-05-07,154647.0,476770.0
2013-05-08,87543.0,297074.0
2013-05-09,884342.0,2133226.0
2013-05-10,786277.0,1771590.0
2013-05-13,528348.0,1023620.0
2013-05-14,994860.0,1861194.0
2013-05-15,395938.0,851597.0
2013-05-16,649265.0,1070137.0
2013-05-17,662768.0,1284035.0
2013-05-20,422090.0,704537.0
2013-05-21,206829.0,472006.0
2013-05-22,217284.0,442409.0
2013-05-23,645067.0,965336.0
2013-05-24,611690.0,1111080.0
2013-05-28,570249.0,1023023.0
2013-05-29,712344.0,1385622.0
2013-05-30,554197.0,941998.0
2013-05-31,550064.0,903965.0
2013-06-03,688790.0,1233964.0
2013-06-04,293355.0,546081.0
2013-06-05,351174.0,651143.0
2013-06-06,479160.0,716663.0
2013-06-07,468690.0,763946.0
2013-06-10,367042.0,624749.0
2013-06-11,287440.0,505219.0
2013-06-12,306305.0,521907.0
2013-06-13,230758.0,339716.0
2013-06-14,158611.0,323838.0
2013-06-17,445116.0,636324.0
2013-06-18,843187.0,1035071.0
2013-06-19,385334.0,675159.0
2013-06-20,462328.0,789139.0
2013-06-21,386514.0,717950.0
2013-06-24,334317.0,465474.0
2013-06-25,297009.0,497878.0
2013-06-26,378405.0,544234.0
2013-06-27,388197.0,572857.0
2013-06-28,211682.0,387301.0
2013-07-01,359138.0,668504.0
2013-07-02,416550.0,690340.0
2013-07-03,167134.0,277274.0
2013-07-05,222445.0,331060.0
2013-07-08,247563.0,403955.0
2013-07-09,210210.0,384733.0
2013-07-10,231486.0,397034.0
2013-07-11,252053.0,427355.0
2013-07-12,343991.0,580046.0
2013-07-15,223477.0,364451.0
2013-07-16,757827.0,1934875.0
2013-07-17,929965.0,1482213.0
2013-07-18,365081.0,562205.0
2013-07-19,226355.0,332991.0
2013-07-22,318863.0,493906.0
2013-07-23,414236.0,610641.0
2013-07-24,295413.0,582704.0
2013-07-25,264319.0,400174.0
2013-07-26,345183.0,600696.0
2013-07-29,321515.0,584678.0
2013-07-30,283422.0,528167.0
2013-07-31,149107.0,218852.0
2013-08-01,134968.0,255815.0
2013-08-02,207141.0,295229.0
2013-08-05,292545.0,432197.0
2013-08-06,235016.0,369628.0
2013-08-07,325317.0,606908.0
2013-08-08,634187.0,1110078.0
2013-08-09,259647.0,429201.0
2013-08-12,405950.0,627126.0
2013-08-13,226890.0,350962.0
2013-08-14,291124.0,498173.0
2013-08-15,286404.0,512391.0
2013-08-16,154268.0,274591.0
2013-08-19,169400.0,284565.0
2013-08-20,162470.0,242719.0
2013-08-21,163368.0,276116.0
2013-08-22,358416.0,568469.0
2013-08-23,360201.0,589305.0
2013-08-26,700033.0,1143003.0
2013-08-27,446286.0,646094.0
2013-08-28,397213.0,523566.0
2013-08-29,220128.0,301451.0
2013-08-30,281015.0,383130.0
2013-09-03,330748.0,502534.0
2013-09-04,274870.0,451475.0
2013-09-05,164791.0,255669.0
2013-09-06,254915.0,399875.0
2013-09-09,463267.0,686696.0
2013-09-10,243195.0,368102.0
2013-09-11,157014.0,234294.0
2013-09-12,157839.0,267573.0
2013-09-13,153574.0,242613.0
2013-09-16,213744.0,358052.0
2013-09-17,116954.0,206236.0
2013-09-18,178834.0,277509.0
2013-09-19,368787.0,677887.0
2013-09-20,330995.0,572173.0
2013-09-23,189555.0,343139.0
2013-09-24,163840.0,274537.0
2013-09-25,224356.0,369831.0
2013-09-26,186143.0,298409.0
2013-09-27,189706.0,302565.0
2013-09-30,244951.0,393278.0
2013-10-01,217435.0,336375.0
2013-10-02,452504.0,818004.0
2013-10-03,384677.0,810637.0
2013-10-04,257473.0,490603.0
2013-10-07,203610.0,372497.0
2013-10-08,244102.0,420058.0
2013-10-09,283906.0,586147.0
2013-10-10,187966.0,314340.0
2013-10-11,223650.0,395357.0
2013-10-14,186546.0,349732.0
2013-10-15,288886.0,516610.0
2013-10-16,246047.0,406792.0
2013-10-17,202242.0,327534.0
2013-10-18,152725.0,297717.0
2013-10-21,335774.0,590503.0
2013-10-22,340935.0,557927.0
2013-10-23,338543.0,646848.0
2013-10-24,258003.0,522278.0
2013-10-25,202177.0,357571.0
2013-10-28,216753.0,394714.0
2013-10-29,327127.0,632163.0
2013-10-30,186008.0,336231.0
2013-10-31,182457.0,356833.0
2013-11-01,163207.0,315209.0
2013-11-04,295186.0,527998.0
2013-11-05,473653.0,758099.0
2013-11-06,542157.0,1372087.0
2013-11-07,506286.0,1090302.0
2013-11-08,522962.0,1009516.0
2013-11-11,253158.0,445674.0
2013-11-12,322979.0,486280.0
2013-11-13,242283.0,463913.0
2013-11-14,263644.0,399782.0
2013-11-15,196653.0,342441.0
2013-11-18,409633.0,733391.0
2013-11-19,325552.0,730794.0
2013-11-20,218922.0,422564.0
2013-11-21,221629.0,376226.0
2013-11-22,322028.0,506484.0
2013-11-25,197838.0,320104.0
2013-11-26,242969.0,445876.0
2013-11-27,249069.0,489105.0
2013-11-29,191381.0,360192.0
2013-12-02,100523.0,227056.0
2013-12-03,472344.0,892735.0
2013-12-04,284833.0,476910.0
2013-12-05,165995.0,298004.0
2013-12-06,144681.0,237543.0
2013-12-09,153355.0,266308.0
2013-12-10,264125.0,458487.0
2013-12-11,134807.0,218554.0
2013-12-12,180835.0,321114.0
2013-12-13,145246.0,305884.0
2013-12-16,89510.0,163088.0
2013-12-17,159871.0,307441.0
2013-12-18,170127.0,314180.0
2013-12-19,333958.0,529940.0
2013-12-20,168105.0,261417.0
2013-12-23,132078.0,174192.0
2013-12-24,183424.0,349276.0
2013-12-26,126553.0,234248.0
2013-12-27,153573.0,267957.0
2013-12-30,103747.0,153437.0
2013-12-31,118542.0,167213.0
2014-01-02,124597.0,234119.0
2014-01-03,96495.0,169198.0
2014-01-06,126748.0,207581.0
2014-01-07,115743.0,207082.0
2014-01-08,139813.0,269572.0
2014-01-09,90415.0,151920.0
2014-01-10,274521.0,415828.0
2014-01-13,178710.0,246313.0
2014-01-14,766032.0,1159186.0
2014-01-15,515214.0,819519.0
2014-01-16,344415.0,567733.0
2014-01-17,246028.0,370400.0
2014-01-21,213365.0,338617.0
2014-01-22,144025.0,201669.0
2014-01-23,171248.0,266342.0
2014-01-24,175704.0,258038.0
2014-01-27,176834.0,297825.0
2014-01-28,143113.0,206693.0
2014-01-29,156432.0,223484.0
2014-01-30,233643.0,352361.0
2014-01-31,178110.0,283390.0
2014-02-03,164567.0,269680.0
2014-02-04,110925.0,162531.0
2014-02-05,144537.0,237573.0
2014-02-06,131963.0,178657.0
2014-02-07,271645.0,353827.0
2014-02-10,261285.0,438051.0
2014-02-11,264170.0,404046.0
2014-02-12,135536.0,183461.0
2014-02-13,224825.0,342217.0
2014-02-14,138739.0,242550.0
2014-02-18,180586.0,344095.0
2014-02-19,314598.0,464070.0
2014-02-20,559424.0,783879.0
2014-02-21,189605.0,318716.0
2014-02-24,151952.0,264922.0
2014-02-25,959493.0,1391029.0
2014-02-26,665923.0,1030735.0
2014-02-27,501998.0,727723.0
2014-02-28,436982.0,675791.0
2014-03-03,282231.0,497844.0
2014-03-04,186947.0,315966.0
2014-03-05,139531.0,203254.0
2014-03-06,176741.0,298497.0
2014-03-07,271166.0,379890.0
2014-03-10,210485.0,376858.0
2014-03-11,219635.0,368545.0
2014-03-12,271808.0,439059.0
2014-03-13,132086.0,208922.0
2014-03-14,178280.0,276985.0
2014-03-17,125676.0,204554.0
2014-03-18,154190.0,225093.0
2014-03-19,100938.0,180401.0
2014-03-20,65602.0,86629.0
2014-03-21,170378.0,257168.0
2014-03-24,179220.0,353045.0
2014-03-25,169194.0,240257.0
2014-03-26,136956.0,240776.0
2014-03-27,190993.0,360171.0
2014-03-28,151701.0,244168.0
2014-03-31,178228.0,298310.0
2014-04-01,167353.0,257610.0
2014-04-02,333393.0,494136.0
2014-04-03,322775.0,448018.0
2014-04-04,296768.0,550004.0
2014-04-07,240129.0,432323.0
2014-04-08,157388.0,276719.0
2014-04-09,135699.0,204136.0
2014-04-10,221683.0,342720.0
2014-04-11,207341.0,390065.0
2014-04-14,184392.0,305666.0
2014-04-15,320652.0,590990.0
2014-04-16,124077.0,288882.0
2014-04-17,144567.0,275701.0
2014-04-21,130642.0,251548.0
2014-04-22,270533.0,382747.0
2014-04-23,225272.0,333018.0
2014-04-24,124878.0,200590.0
2014-04-25,185296.0,322112.0
2014-04-28,186445.0,331782.0
2014-04-29,171313.0,258998.0
2014-04-30,115165.0,185991.0
2014-05-01,208834.0,330650.0
2014-05-02,143352.0,209405.0
2014-05-05,127638.0,176289.0
2014-05-06,136572.0,201553.0
2014-05-07,237204.0,382782.0
2014-05-08,564717.0,1009182.0
2014-05-09,297271.0,503252.0
2014-05-12,231322.0,335307.0
2014-05-13,265518.0,392942.0
2014-05-14,205701.0,314785.0
2014-05-15,278487.0,352007.0
2014-05-16,173353.0,252960.0
2014-05-19,135526.0,245857.0
2014-05-20,209721.0,307542.0
2014-05-21,160633.0,220949.0
2014-05-22,190585.0,286272.0
2014-05-23,129518.0,196085.0
2014-05-27,143252.0,212253.0
2014-05-28,198681.0,259070.0
2014-05-29,113107.0,147429.0
2014-05-30,147546.0,282135.0
2014-06-02,146082.0,250285.0
2014-06-03,135309.0,201773.0
2014-06-04,137753.0,206620.0
2014-06-05,151114.0,235394.0
2014-06-06,105113.0,160741.0
2014-06-09,96540.0,140852.0
2014-06-10,95251.0,121436.0
2014-06-11,124449.0,169894.0
2014-06-12,180891.0,250346.0
2014-06-13,116962.0,151235.0
2014-06-16,370848.0,558791.0
2014-06-17,296573.0,526446.0
2014-06-18,164616.0,256191.0
2014-06-19,183116.0,271396.0
2014-06-20,91988.0,150205.0
2014-06-23,186240.0,261352.0
2014-06-24,174039.0,241813.0
2014-06-25,133143.0,179983.0
2014-06-26,95895.0,141696.0
2014-06-27,78903.0,131515.0
2014-06-30,73426.0,120925.0
2014-07-01,64407.0,99575.0
2014-07-02,109900.0,223361.0
2014-07-03,94574.0,190448.0
2014-07-07,131193.0,208683.0
2014-07-08,130615.0,249753.0
2014-07-09,76195.0,134071.0
2014-07-10,80995.0,151957.0
2014-07-11,57902.0,113031.0
2014-07-14,138994.0,212257.0
2014-07-15,124227.0,193524.0
2014-07-16,68712.0,123095.0
2014-07-17,70006.0,129208.0
2014-07-18,90833.0,150177.0
2014-07-21,64343.0,96737.0
2014-07-22,40374.0,71428.0
2014-07-23,61800.0,88259.0
2014-07-24,51436.0,83761.0
2014-07-25,74736.0,105497.0
2014-07-28,131119.0,206647.0
2014-07-29,54995.0,91159.0
2014-07-30,86737.0,120996.0
2014-07-31,138728.0,178471.0
2014-08-01,269032.0,383778.0
2014-08-04,91902.0,140965.0
2014-08-05,82245.0,130659.0
2014-08-06,145199.0,288142.0
2014-08-07,129428.0,216483.0
2014-08-08,102934.0,166561.0
2014-08-11,115007.0,225253.0
2014-08-12,93997.0,157437.0
2014-08-13,86865.0,181641.0
2014-08-14,66044.0,123831.0
2014-08-15,68386.0,127858.0
2014-08-18,66629.0,122501.0
2014-08-19,66809.0,140232.0
2014-08-20,49327.0,79391.0
2014-08-21,40631.0,74251.0
2014-08-22,77298.0,129840.0
2014-08-25,59434.0,98578.0
2014-08-26,55980.0,92297.0
2014-08-27,52767.0,78022.0
2014-08-28,42030.0,62367.0
2014-08-29,108097.0,202906.0
2014-09-02,129518.0,248620.0
2014-09-03,114424.0,170605.0
2014-09-04,115211.0,176637.0
2014-09-05,213879.0,376927.0
2014-09-08,91879.0,136905.0
2014-09-09,63058.0,112756.0
2014-09-10,52347.0,113971.0
2014-09-11,69797.0,129448.0
2014-09-12,78607.0,143004.0
2014-09-15,168144.0,471052.0
2014-09-16,88039.0,196430.0
2014-09-17,89502.0,158798.0
2014-09-18,56110.0,112596.0
2014-09-19,180003.0,258547.0
2014-09-22,118209.0,215901.0
2014-09-23,118966.0,188993.0
2014-09-24,66458.0,106233.0
2014-09-25,86523.0,127251.0
2014-09-26,74722.0,122441.0
2014-09-29,107299.0,175228.0
2014-09-30,123210.0,183264.0
2014-10-01,145902.0,184595.0
2014-10-02,183820.0,278999.0
2014-10-03,138542.0,246807.0
2014-10-06,150823.0,228660.0
2014-10-07,89192.0,119679.0
2014-10-08,108797.0,158504.0
2014-10-09,134122.0,199913.0
2014-10-10,295628.0,433561.0
2014-10-13,197165.0,291106.0
2014-10-14,128464.0,211472.0
2014-10-15,194808.0,322926.0
2014-10-16,118788.0,192764.0
2014-10-17,137292.0,239092.0
2014-10-20,38141.0,104706.0
2014-10-21,71183.0,118444.0
2014-10-22,85460.0,152598.0
2014-10-23,62799.0,102496.0
2014-10-24,85211.0,128811.0
2014-10-27,170073.0,249071.0
2014-10-28,154873.0,257792.0
2014-10-29,70163.0,196191.0
2014-10-30,71707.0,98327.0
2014-10-31,105970.0,154268.0
2014-11-03,80195.0,105259.0
2014-11-04,66819.0,99577.0
2014-11-05,146293.0,200871.0
2014-11-06,244174.0,385422.0
2014-11-07,98786.0,165098.0
2014-11-10,64969.0,118370.0
2014-11-11,113306.0,218948.0
2014-11-12,71077.0,135542.0
2014-11-13,104726.0,191827.0
2014-11-14,132389.0,212495.0
2014-11-17,49444.0,89963.0
2014-11-18,58234.0,109760.0
2014-11-19,149314.0,249951.0
2014-11-20,70195.0,119395.0
2014-11-21,134395.0,253296.0
2014-11-24,117035.0,167140.0
2014-11-25,54038.0,84474.0
2014-11-26,42250.0,70307.0
2014-11-28,64332.0,91053.0
2014-12-01,186142.0,300213.0
2014-12-02,105160.0,165307.0
2014-12-03,110995.0,152329.0
2014-12-04,90820.0,123114.0
2014-12-05,173609.0,254377.0
2014-12-08,197696.0,323020.0
2014-12-09,180052.0,270592.0
2014-12-10,132416.0,216300.0
2014-12-11,164456.0,229844.0
2014-12-12,211145.0,295466.0
2014-12-15,152357.0,206984.0
2014-12-16,192261.0,319763.0
2014-12-17,208991.0,269301.0
2014-12-18,328089.0,416346.0
2014-12-19,216201.0,260529.0
2014-12-22,128815.0,162495.0
2014-12-23,79817.0,98334.0
2014-12-24,29163.0,35023.0
2014-12-26,107477.0,132327.0
2014-12-29,57064.0,78834.0
2014-12-30,52989.0,70089.0
2014-12-31,53139.0,72187.0
2015-01-02,155110.0,208634.0
2015-01-05,164375.0,238500.0
2015-01-06,152115.0,208410.0
2015-01-07,88175.0,118442.0
2015-01-08,86578.0,116529.0
2015-01-09,128821.0,178230.0
2015-01-12,199015.0,263721.0
2015-01-13,95825.0,130777.0
2015-01-14,237930.0,322943.0
2015-01-15,165466.0,219936.0
2015-01-16,116044.0,176631.0
2015-01-20,139162.0,220417.0
2015-01-21,90177.0,172942.0
2015-01-22,96782.0,155253.0
2015-01-23,131479.0,181312.0
2015-01-26,61895.0,92097.0
2015-01-27,76862.0,107604.0
2015-01-28,78427.0,106985.0
2015-01-29,77607.0,124282.0
2015-01-30,95492.0,135988.0
2015-02-02,91016.0,130032.0
2015-02-03,128760.0,194885.0
2015-02-04,80091.0,131906.0
2015-02-05,106086.0,136259.0
2015-02-06,127383.0,148263.0
2015-02-09,101777.0,145515.0
2015-02-10,142880.0,183889.0
2015-02-11,179357.0,256851.0
2015-02-12,366853.0,482532.0
2015-02-13,141407.0,198313.0
2015-02-17,81509.0,109002.0
2015-02-18,63250.0,91984.0
2015-02-19,124362.0,189206.0
2015-02-20,165416.0,245160.0
2015-02-23,250681.0,354864.0
2015-02-24,136675.0,207923.0
2015-02-25,74843.0,138809.0
2015-02-26,153813.0,238420.0
2015-02-27,81937.0,113498.0
2015-03-02,190126.0,341979.0
2015-03-03,99024.0,168968.0
2015-03-04,77623.0,116924.0
2015-03-05,105935.0,145565.0
2015-03-06,184349.0,258683.0
2015-03-09,159269.0,225008.0
2015-03-10,111404.0,169466.0
2015-03-11,100604.0,151501.0
2015-03-12,106141.0,150986.0
2015-03-13,136277.0,197562.0
2015-03-16,99868.0,158954.0
2015-03-17,110991.0,172961.0
2015-03-18,91740.0,137453.0
2015-03-19,190888.0,261884.0
2015-03-20,127052.0,191271.0
2015-03-23,70858.0,97508.0
2015-03-24,77752.0,109217.0
2015-03-25,150098.0,190688.0
2015-03-26,119411.0,159641.0
2015-03-27,208391.0,297415.0
2015-03-30,192618.0,291100.0
2015-03-31,86548.0,146656.0
2015-04-01,101939.0,145386.0
2015-04-02,118410.0,179753.0
2015-04-06,248224.0,382582.0
2015-04-07,88869.0,131098.0
2015-04-08,100001.0,158105.0
2015-04-09,81737.0,122754.0
2015-04-10,139119.0,176271.0
2015-04-13,68304.0,105666.0
2015-04-14,69562.0,98115.0
2015-04-15,34535.0,52880.0
2015-04-16,31550.0,47234.0
2015-04-17,61132.0,90633.0
2015-04-20,58965.0,81114.0
2015-04-21,76261.0,112309.0
2015-04-22,182028.0,284702.0
2015-04-23,69503.0,110818.0
2015-04-24,52078.0,74945.0
2015-04-27,205345.0,312269.0
2015-04-28,108117.0,152272.0
2015-04-29,97431.0,149816.0
2015-04-30,113698.0,147125.0
2015-05-01,137629.0,185069.0
2015-05-04,82193.0,102611.0
2015-05-05,127260.0,158864.0
2015-05-06,102062.0,144700.0
2015-05-07,188857.0,261467.0
2015-05-08,94768.0,128052.0
2015-05-11,97908.0,138959.0
2015-05-12,113963.0,156851.0
2015-05-13,117122.0,140624.0
2015-05-14,63889.0,83284.0
2015-05-15,127810.0,154423.0
2015-05-18,82061.0,115474.0
2015-05-19,79828.0,108528.0
2015-05-20,110866.0,144619.0
2015-05-21,44787.0,61238.0
2015-05-22,59149.0,84553.0
2015-05-26,84109.0,114499.0
2015-05-27,84539.0,145567.0
2015-05-28,103665.0,135781.0
2015-05-29,68898.0,102255.0
2015-06-01,59417.0,77124.0
2015-06-02,75389.0,88802.0
2015-06-03,43789.0,59170.0
2015-06-04,56311.0,95941.0
2015-06-05,81219.0,109764.0
2015-06-08,107861.0,165460.0
2015-06-09,53854.0,82904.0
2015-06-10,71023.0,109513.0
2015-06-11,52948.0,73520.0
2015-06-12,31591.0,44231.0
2015-06-15,59578.0,106612.0
2015-06-16,45403.0,58187.0
2015-06-17,157672.0,205535.0
2015-06-18,63613.0,81653.0
2015-06-19,48480.0,62841.0
2015-06-22,86926.0,123802.0
2015-06-23,99152.0,122460.0
2015-06-24,55290.0,79706.0
2015-06-25,64121.0,85009.0
2015-06-26,69252.0,105469.0
2015-06-29,67638.0,108913.0
2015-06-30,79101.0,113585.0
2015-07-01,55315.0,68874.0
2015-07-02,164767.0,200245.0
2015-07-06,112332.0,161610.0
2015-07-07,156784.0,240526.0
2015-07-08,175081.0,256936.0
2015-07-09,104916.0,143927.0
2015-07-10,70852.0,100459.0
2015-07-13,67770.0,88837.0
2015-07-14,44668.0,63029.0
2015-07-15,83264.0,100751.0
2015-07-16,43320.0,54538.0
2015-07-17,115053.0,167632.0
2015-07-20,95673.0,148920.0
2015-07-21,114755.0,162870.0
2015-07-22,63352.0,106021.0
2015-07-23,68646.0,84008.0
2015-07-24,84849.0,131797.0
2015-07-27,154099.0,208982.0
2015-07-28,93579.0,147956.0
2015-07-29,74869.0,112456.0
2015-07-30,49161.0,75305.0
2015-07-31,60682.0,84382.0
2015-08-03,52023.0,72660.0
2015-08-04,42876.0,69101.0
2015-08-05,111555.0,167421.0
2015-08-06,335393.0,538752.0
2015-08-07,136004.0,206120.0
2015-08-10,103348.0,148193.0
2015-08-11,122358.0,164677.0
2015-08-12,92960.0,126207.0
2015-08-13,119462.0,177379.0
2015-08-14,113666.0,162934.0
2015-08-17,159328.0,226607.0
2015-08-18,100033.0,141198.0
2015-08-19,99908.0,120610.0
2015-08-20,133804.0,188911.0
2015-08-21,160972.0,247921.0
2015-08-24,192147.0,302529.0
2015-08-25,101997.0,167386.0
2015-08-26,136837.0,179800.0
2015-08-27,160437.0,261420.0
2015-08-28,144244.0,197549.0
2015-08-31,106911.0,130156.0
2015-09-01,147408.0,181343.0
2015-09-02,100024.0,131830.0
2015-09-03,101977.0,124110.0
2015-09-04,114467.0,136114.0
2015-09-08,74692.0,90020.0
2015-09-09,108962.0,128963.0
2015-09-10,62906.0,78298.0
2015-09-11,52494.0,68487.0
2015-09-14,66329.0,78899.0
2015-09-15,75887.0,98202.0
2015-09-16,121922.0,158062.0
2015-09-17,86093.0,130560.0
2015-09-18,95594.0,135208.0
2015-09-21,155182.0,210864.0
2015-09-22,88331.0,130930.0
2015-09-23,64055.0,85561.0
2015-09-24,84831.0,113674.0
2015-09-25,111885.0,139130.0
2015-09-28,137241.0,217891.0
2015-09-29,86882.0,120856.0
2015-09-30,150497.0,193176.0
2015-10-01,124033.0,169921.0
2015-10-02,162344.0,203897.0
2015-10-05,62162.0,103613.0
2015-10-06,140645.0,211647.0
2015-10-07,144220.0,224927.0
2015-10-08,147028.0,218057.0
2015-10-09,139801.0,200638.0
2015-10-12,71328.0,104258.0
2015-10-13,95594.0,152258.0
2015-10-14,78984.0,121403.0
2015-10-15,57234.0,99727.0
2015-10-16,146242.0,210318.0
2015-10-19,69531.0,94644.0
2015-10-20,284266.0,441645.0
2015-10-21,98919.0,150696.0
2015-10-22,76891.0,100684.0
2015-10-23,88943.0,142465.0
2015-10-26,65498.0,108621.0
2015-10-27,79037.0,125398.0
2015-10-28,71354.0,106846.0
2015-10-29,32441.0,50549.0
2015-10-30,156355.0,234988.0
2015-11-02,105207.0,153284.0
2015-11-03,122960.0,166931.0
2015-11-04,309648.0,473726.0
2015-11-05,164347.0,216203.0
2015-11-06,87385.0,117886.0
2015-11-09,101573.0,138362.0
2015-11-10,209456.0,257808.0
2015-11-11,121043.0,165048.0
2015-11-12,109437.0,154083.0
2015-11-13,145920.0,214809.0
2015-11-16,88049.0,122513.0
2015-11-17,97988.0,122652.0
2015-11-18,105988.0,140412.0
2015-11-19,100375.0,141091.0
2015-11-20,121052.0,211186.0
2015-11-23,90972.0,142493.0
2015-11-24,65300.0,87305.0
2015-11-25,139773.0,204035.0
2015-11-27,95983.0,118818.0
2015-11-30,90891.0,125589.0
2015-12-01,125260.0,169521.0
2015-12-02,91132.0,135814.0
2015-12-03,116886.0,158032.0
2015-12-04,123152.0,159948.0
2015-12-07,110318.0,144756.0
2015-12-08,99122.0,150123.0
2015-12-09,150971.0,185636.0
2015-12-10,67761.0,95572.0
2015-12-11,146474.0,179479.0
2015-12-14,81804.0,110766.0
2015-12-15,71045.0,109053.0
2015-12-16,205109.0,312207.0
2015-12-17,113425.0,158178.0
2015-12-18,113341.0,145624.0
2015-12-21,66165.0,81063.0
2015-12-22,70057.0,92993.0
2015-12-23,61489.0,75477.0
2015-12-24,31623.0,36826.0
2015-12-28,64044.0,76681.0
2015-12-29,75290.0,102670.0
2015-12-30,105158.0,167659.0
2015-12-31,88928.0,125367.0
2016-01-04,194239.0,234565.0
2016-01-05,127861.0,156082.0
2016-01-06,127388.0,161613.0
2016-01-07,150169.0,178610.0
2016-01-08,103679.0,141602.0
2016-01-11,114494.0,154103.0
2016-01-12,102834.0,131042.0
2016-01-13,128646.0,164106.0
2016-01-14,217737.0,287793.0
2016-01-15,204996.0,286693.0
2016-01-19,156911.0,226949.0
2016-01-20,213862.0,337001.0
2016-01-21,106333.0,182666.0
2016-01-22,99855.0,141387.0
2016-01-25,88737.0,113796.0
2016-01-26,123862.0,161865.0
2016-01-27,127471.0,162382.0
2016-01-28,172797.0,285111.0
2016-01-29,101838.0,146609.0
2016-02-01,138074.0,222534.0
2016-02-02,179139.0,271236.0
2016-02-03,174776.0,273964.0
2016-02-04,83126.0,161844.0
2016-02-05,290313.0,540253.0
2016-02-08,216478.0,407422.0
2016-02-09,237191.0,430402.0
2016-02-10,292656.0,410275.0
2016-02-11,431551.0,591449.0
2016-02-12,254960.0,326242.0
2016-02-16,127976.0,207788.0
2016-02-17,124021.0,211381.0
2016-02-18,116071.0,150194.0
2016-02-19,102858.0,193832.0
2016-02-22,110486.0,166684.0
2016-02-23,142438.0,188486.0
2016-02-24,126773.0,200087.0
2016-02-25,185263.0,257088.0
2016-02-26,174163.0,270393.0
2016-02-29,92260.0,173696.0
2016-03-01,157031.0,229300.0
2016-03-02,84435.0,177380.0
2016-03-03,141949.0,197786.0
2016-03-04,207818.0,333084.0
2016-03-07,130481.0,186763.0
2016-03-08,110042.0,137220.0
2016-03-09,94372.0,111055.0
2016-03-10,145576.0,192775.0
2016-03-11,93367.0,128531.0
2016-03-14,116341.0,157472.0
2016-03-15,86139.0,123140.0
2016-03-16,96767.0,124285.0
2016-03-17,121288.0,167133.0
2016-03-18,175079.0,278027.0
2016-03-21,179811.0,230932.0
2016-03-22,116759.0,149881.0
2016-03-23,177117.0,230347.0
2016-03-24,154431.0,219390.0
2016-03-28,73798.0,98864.0
2016-03-29,78441.0,104304.0
2016-03-30,88118.0,137243.0
2016-03-31,163631.0,228246.0
2016-04-01,463646.0,588155.0
2016-04-04,264887.0,381946.0
2016-04-05,221473.0,317406.0
2016-04-06,355780.0,475006.0
2016-04-07,206442.0,289619.0
2016-04-08,238463.0,338376.0
2016-04-11,158868.0,222863.0
2016-04-12,106763.0,179336.0
2016-04-13,167635.0,217164.0
2016-04-14,86722.0,130223.0
2016-04-15,119442.0,176964.0
2016-04-18,78230.0,116934.0
2016-04-19,142930.0,215846.0
2016-04-20,150318.0,221378.0
2016-04-21,61529.0,110982.0
2016-04-22,116793.0,168144.0
2016-04-25,94136.0,144395.0
2016-04-26,87923.0,125386.0
2016-04-27,82930.0,121607.0
2016-04-28,63056.0,89054.0
2016-04-29,206506.0,296637.0
2016-05-02,120865.0,190792.0
2016-05-03,130124.0,188432.0
2016-05-04,205128.0,281713.0
2016-05-05,325457.0,512460.0
2016-05-06,182743.0,338740.0
2016-05-09,132764.0,215450.0
2016-05-10,133315.0,190421.0
2016-05-11,164357.0,238585.0
2016-05-12,126924.0,180376.0
2016-05-13,113369.0,165335.0
2016-05-16,93843.0,134747.0
2016-05-17,91612.0,128637.0
2016-05-18,155797.0,240507.0
2016-05-19,238136.0,332319.0
2016-05-20,378530.0,566280.0
2016-05-23,153794.0,219346.0
2016-05-24,74013.0,129873.0
2016-05-25,109193.0,140283.0
2016-05-26,114923.0,168682.0
2016-05-27,111292.0,154309.0
2016-05-31,80909.0,124298.0
2016-06-01,129049.0,179962.0
2016-06-02,70889.0,106402.0
2016-06-03,90817.0,134006.0
2016-06-06,76844.0,112091.0
2016-06-07,193803.0,287228.0
2016-06-08,241650.0,377738.0
2016-06-09,187363.0,250136.0
2016-06-10,266289.0,363589.0
2016-06-13,158555.0,245009.0
2016-06-14,137794.0,195323.0
2016-06-15,100515.0,155539.0
2016-06-16,104270.0,152540.0
2016-06-17,122114.0,183126.0
2016-06-20,125010.0,199635.0
2016-06-21,103535.0,134220.0
2016-06-22,689380.0,998675.0
2016-06-23,215009.0,410588.0
2016-06-24,214690.0,371235.0
2016-06-27,188626.0,309905.0
2016-06-28,105180.0,213449.0
2016-06-29,121354.0,281401.0
2016-06-30,100075.0,163070.0
2016-07-01,189816.0,293172.0
2016-07-05,155963.0,244463.0
2016-07-06,118395.0,211903.0
2016-07-07,103292.0,140968.0
2016-07-08,151614.0,219511.0
2016-07-11,135924.0,217564.0
2016-07-12,93501.0,141541.0
2016-07-13,85943.0,126334.0
2016-07-14,60909.0,97439.0
2016-07-15,80603.0,127344.0
2016-07-18,63255.0,136317.0
2016-07-19,51102.0,91639.0
2016-07-20,57897.0,120128.0
2016-07-21,99955.0,213185.0
2016-07-22,50194.0,116846.0
2016-07-25,143588.0,256695.0
2016-07-26,69879.0,129652.0
2016-07-27,87508.0,147474.0
2016-07-28,65368.0,102589.0
2016-07-29,129349.0,201369.0
2016-08-01,82235.0,150339.0
2016-08-02,95298.0,152698.0
2016-08-03,96371.0,137572.0
2016-08-04,107334.0,168253.0
2016-08-05,88711.0,134954.0
2016-08-08,48921.0,86205.0
2016-08-09,48866.0,78204.0
2016-08-10,62177.0,96507.0
2016-08-11,53078.0,86841.0
2016-08-12,53426.0,77161.0
2016-08-15,53920.0,83219.0
2016-08-16,61069.0,108432.0
2016-08-17,51652.0,80005.0
2016-08-18,47866.0,71778.0
2016-08-19,64847.0,86581.0
2016-08-22,59949.0,85231.0
2016-08-23,131411.0,205473.0
2016-08-24,80825.0,109374.0
2016-08-25,37123.0,86873.0
2016-08-26,87311.0,135564.0
2016-08-29,108966.0,161981.0
2016-08-30,87425.0,112624.0
2016-08-31,78516.0,120198.0
2016-09-01,226738.0,361941.0
2016-09-02,198722.0,442015.0
2016-09-06,93794.0,158872.0
2016-09-07,104758.0,138928.0
2016-09-08,117867.0,160880.0
2016-09-09,131077.0,208134.0
2016-09-12,70837.0,147615.0
2016-09-13,106861.0,162904.0
2016-09-14,59092.0,109355.0
2016-09-15,58728.0,116319.0
2016-09-16,63510.0,135322.0
2016-09-19,67244.0,115986.0
2016-09-20,55271.0,93677.0
2016-09-21,62632.0,111314.0
2016-09-22,63557.0,112550.0
2016-09-23,64399.0,146981.0
2016-09-26,44886.0,80199.0
2016-09-27,95393.0,146361.0
2016-09-28,58544.0,84204.0
2016-09-29,62053.0,90638.0
2016-09-30,88361.0,158788.0
2016-10-03,163352.0,281082.0
2016-10-04,119120.0,174156.0
2016-10-05,53243.0,90011.0
2016-10-06,145238.0,215438.0
2016-10-07,133762.0,204742.0
2016-10-10,80978.0,127410.0
2016-10-11,84825.0,129182.0
2016-10-12,40434.0,70791.0
2016-10-13,52367.0,81131.0
2016-10-14,90899.0,162804.0
2016-10-17,95921.0,169635.0
2016-10-18,114601.0,209394.0
2016-10-19,138160.0,267187.0
2016-10-20,117762.0,202370.0
2016-10-21,56616.0,100998.0
2016-10-24,62383.0,119624.0
2016-10-25,54230.0,77017.0
2016-10-26,100276.0,152348.0
2016-10-27,293449.0,436358.0
2016-10-28,148614.0,209141.0
2016-10-31,116695.0,196051.0
2016-11-01,225995.0,280909.0
2016-11-02,115487.0,154078.0
2016-11-03,65875.0,96081.0
2016-11-04,122201.0,206052.0
2016-11-07,184702.0,230266.0
2016-11-08,81805.0,126585.0
2016-11-09,262624.0,375461.0
2016-11-10,213306.0,303471.0
2016-11-11,128279.0,192037.0
2016-11-14,214283.0,272108.0
2016-11-15,90757.0,133280.0
2016-11-16,76638.0,128012.0
2016-11-17,105208.0,171124.0
2016-11-18,148112.0,208773.0
2016-11-21,92592.0,144649.0
2016-11-22,117724.0,245347.0
2016-11-23,85405.0,189115.0
2016-11-25,49766.0,111609.0
2016-11-28,92574.0,158805.0
2016-11-29,117049.0,158022.0
2016-11-30,112110.0,137628.0
2016-12-01,139610.0,197864.0
2016-12-02,111716.0,156838.0
2016-12-05,86688.0,189211.0
2016-12-06,71371.0,113665.0
2016-12-07,99220.0,210720.0
2016-12-08,80247.0,129364.0
2016-12-09,58835.0,111079.0
2016-12-12,39940.0,77953.0
2016-12-13,176366.0,283524.0
2016-12-14,85254.0,149532.0
2016-12-15,70148.0,108549.0
2016-12-16,79786.0,126647.0
2016-12-19,81534.0,116297.0
2016-12-20,135967.0,199252.0
2016-12-21,131836.0,179446.0
2016-12-22,59343.0,86851.0
2016-12-23,102087.0,164491.0
2016-12-27,150981.0,216882.0
2016-12-28,76101.0,109212.0
2016-12-29,86002.0,126821.0
2016-12-30,128138.0,208151.0
2017-01-03,159035.0,208369.0
2017-01-04,347316.0,467287.0
2017-01-05,185628.0,238814.0
2017-01-06,175921.0,251305.0
2017-01-09,88357.0,132315.0
2017-01-10,92438.0,139718.0
2017-01-11,82179.0,127972.0
2017-01-12,105767.0,149028.0
2017-01-13,171877.0,248707.0
2017-01-17,116107.0,159402.0
2017-01-18,98798.0,160714.0
2017-01-19,253291.0,338058.0
2017-01-20,116374.0,159005.0
2017-01-23,153441.0,240231.0
2017-01-24,152756.0,218674.0
2017-01-25,132860.0,176924.0
2017-01-26,99934.0,122016.0
2017-01-27,92005.0,125225.0
2017-01-30,93919.0,150457.0
2017-01-31,149500.0,196946.0
2017-02-01,120810.0,168996.0
2017-02-02,100351.0,135039.0
2017-02-03,68155.0,96539.0
2017-02-06,109351.0,148394.0
2017-02-07,116658.0,165801.0
2017-02-08,141573.0,207132.0
2017-02-09,272550.0,344834.0
2017-02-10,130132.0,173947.0
2017-02-13,265194.0,321157.0
2017-02-14,245683.0,331144.0
2017-02-15,177176.0,228141.0
2017-02-16,266185.0,335716.0
2017-02-17,246667.0,320133.0
2017-02-21,177612.0,246763.0
2017-02-22,202660.0,280256.0
2017-02-23,487398.0,688161.0
2017-02-24,448407.0,528032.0
2017-02-27,348568.0,480703.0
2017-02-28,155742.0,221714.0
2017-03-01,169888.0,218164.0
2017-03-02,109353.0,145566.0
2017-03-03,104240.0,142806.0
2017-03-06,137774.0,176785.0
2017-03-07,179109.0,253621.0
2017-03-08,245344.0,289585.0
2017-03-09,231094.0,280569.0
2017-03-10,132353.0,156508.0
2017-03-13,130372.0,170100.0
2017-03-14,275349.0,358155.0
2017-03-15,181732.0,255262.0
2017-03-16,265149.0,345051.0
2017-03-17,198412.0,262086.0
2017-03-20,106190.0,160912.0
2017-03-21,253671.0,352478.0
2017-03-22,96978.0,165774.0
2017-03-23,122779.0,183164.0
2017-03-24,207444.0,279814.0
2017-03-27,209360.0,293735.0
2017-03-28,231773.0,332642.0
2017-03-29,119542.0,150422.0
2017-03-30,132891.0,171138.0
2017-03-31,103287.0,139655.0
2017-04-03,334052.0,554316.0
2017-04-04,250859.0,404197.0
2017-04-05,253136.0,324041.0
2017-04-06,195013.0,252513.0
2017-04-07,172397.0,213903.0
2017-04-10,172258.0,273868.0
2017-04-11,168431.0,204727.0
2017-04-12,200045.0,275014.0
2017-04-13,385171.0,508789.0
2017-04-17,110336.0,158725.0
2017-04-18,93365.0,148197.0
2017-04-19,110656.0,171895.0
2017-04-20,228695.0,327650.0
2017-04-21,171932.0,256344.0
2017-04-24,121794.0,187721.0
2017-04-25,198380.0,348237.0
2017-04-26,108186.0,186188.0
2017-04-27,100332.0,184784.0
2017-04-28,136115.0,244147.0
2017-05-01,206121.0,353995.0
2017-05-02,119336.0,179827.0
2017-05-03,162191.0,238258.0
2017-05-04,428311.0,641778.0
2017-05-05,296924.0,442307.0
2017-05-08,196550.0,414102.0
2017-05-09,301129.0,480229.0
2017-05-10,188146.0,278391.0
2017-05-11,176377.0,274475.0
2017-05-12,191860.0,279705.0
2017-05-15,198010.0,327626.0
2017-05-16,118541.0,204599.0
2017-05-17,220943.0,350748.0
2017-05-18,217166.0,336204.0
2017-05-19,173200.0,268530.0
2017-05-22,127004.0,178849.0
2017-05-23,145512.0,202497.0
2017-05-24,206030.0,297941.0
2017-05-25,182011.0,260176.0
2017-05-26,280266.0,392264.0
2017-05-30,229376.0,343755.0
2017-05-31,329653.0,460385.0
2017-06-01,296737.0,379088.0
2017-06-02,226866.0,360129.0
2017-06-05,180744.0,284016.0
2017-06-06,363610.0,522388.0
2017-06-07,307530.0,442028.0
2017-06-08,311172.0,420161.0
2017-06-09,797257.0,1043504.0
2017-06-12,317182.0,458178.0
2017-06-13,359663.0,482482.0
2017-06-14,383494.0,553276.0
2017-06-15,332141.0,450063.0
2017-06-16,237426.0,326498.0
2017-06-19,184734.0,255528.0
2017-06-20,218469.0,302925.0
2017-06-21,150502.0,203164.0
2017-06-22,296213.0,416011.0
2017-06-23,259848.0,348920.0
2017-06-26,258711.0,337552.0
2017-06-27,260888.0,340913.0
2017-06-28,209164.0,320822.0
2017-06-29,305744.0,424944.0
2017-06-30,245617.0,361178.0
2017-07-03,158098.0,247525.0
2017-07-05,342607.0,626611.0
2017-07-06,401467.0,748604.0
2017-07-07,402643.0,678489.0
2017-07-10,315554.0,502336.0
2017-07-11,234552.0,422621.0
2017-07-12,258473.0,399155.0
2017-07-13,275028.0,426148.0
2017-07-14,238725.0,365919.0
2017-07-17,192552.0,354467.0
2017-07-18,142173.0,262387.0
2017-07-19,158172.0,312931.0
2017-07-20,162531.0,278398.0
2017-07-21,150034.0,265787.0
2017-07-24,148446.0,324293.0
2017-07-25,202085.0,341066.0
2017-07-26,105398.0,216423.0
2017-07-27,241842.0,417414.0
2017-07-28,175385.0,299494.0
2017-07-31,187345.0,287000.0
2017-08-01,158214.0,252464.0
2017-08-02,246038.0,370505.0
2017-08-03,374474.0,544764.0
2017-08-04,276104.0,408389.0
2017-08-07,141552.0,240275.0
2017-08-08,148339.0,236167.0
2017-08-09,182254.0,309462.0
2017-08-10,204802.0,314102.0
2017-08-11,180086.0,237531.0
2017-08-14,74847.0,150023.0
2017-08-15,72289.0,118616.0
2017-08-16,81255.0,146387.0
2017-08-17,131997.0,230153.0
2017-08-18,218880.0,295869.0
2017-08-21,132060.0,276792.0
2017-08-22,90883.0,164868.0
2017-08-23,116493.0,226123.0
2017-08-24,122026.0,243205.0
2017-08-25,99993.0,180900.0
2017-08-28,100907.0,160933.0
2017-08-29,122134.0,194727.0
2017-08-30,122261.0,179973.0
2017-08-31,101886.0,164570.0
2017-09-01,83077.0,137453.0
2017-09-05,111213.0,175682.0
2017-09-06,113636.0,177667.0
2017-09-07,101884.0,179533.0
2017-09-08,93848.0,167335.0
2017-09-11,157148.0,292989.0
2017-09-12,131488.0,221150.0
2017-09-13,93704.0,161935.0
2017-09-14,196623.0,319718.0
2017-09-15,133301.0,217278.0
2017-09-18,114276.0,247177.0
2017-09-19,118684.0,221121.0
2017-09-20,106661.0,200894.0
2017-09-21,109403.0,201408.0
2017-09-22,186168.0,389070.0
2017-09-25,153181.0,266495.0
2017-09-26,178773.0,317506.0
2017-09-27,151662.0,244743.0
2017-09-28,168675.0,271675.0
2017-09-29,136474.0,258310.0
2017-10-02,119975.0,181609.0
2017-10-03,220083.0,351481.0
2017-10-04,203568.0,343681.0
2017-10-05,111613.0,181812.0
2017-10-06,112146.0,202444.0
2017-10-09,203405.0,302948.0
2017-10-10,165976.0,285037.0
2017-10-11,109835.0,181695.0
2017-10-12,101636.0,167129.0
2017-10-13,115881.0,171874.0
2017-10-16,143865.0,203481.0
2017-10-17,90632.0,127107.0
2017-10-18,115551.0,192210.0
2017-10-19,127115.0,208177.0
2017-10-20,137388.0,223261.0
2017-10-23,139380.0,203545.0
2017-10-24,95592.0,139402.0
2017-10-25,143943.0,247593.0
2017-10-26,139969.0,185797.0
2017-10-27,161433.0,279769.0
2017-10-30,104122.0,153718.0
2017-10-31,97678.0,164580.0
2017-11-01,156793.0,255828.0
2017-11-02,459590.0,695296.0
2017-11-03,234344.0,388066.0
2017-11-06,145155.0,224115.0
2017-11-07,115879.0,177243.0
2017-11-08,119349.0,198164.0
2017-11-09,94467.0,168805.0
2017-11-10,90929.0,185633.0
2017-11-13,127984.0,238088.0
2017-11-14,119401.0,223289.0
2017-11-15,121570.0,211394.0
2017-11-16,105238.0,205574.0
2017-11-17,303712.0,516675.0
2017-11-20,178684.0,283614.0
2017-11-21,121470.0,263572.0
2017-11-22,124525.0,193553.0
2017-11-24,77258.0,156889.0
2017-11-27,117883.0,169720.0
2017-11-28,107052.0,163230.0
2017-11-29,272901.0,380833.0
2017-11-30,114859.0,167313.0
2017-12-01,145167.0,215316.0
2017-12-04,123851.0,177970.0
2017-12-05,75933.0,122608.0
2017-12-06,141749.0,230808.0
2017-12-07,120272.0,178643.0
2017-12-08,101267.0,154796.0
2017-12-11,167280.0,329788.0
2017-12-12,183697.0,316740.0
2017-12-13,165550.0,252109.0
2017-12-14,172870.0,262077.0
2017-12-15,195124.0,274954.0
2017-12-18,124581.0,193225.0
2017-12-19,180503.0,248661.0
2017-12-20,135529.0,174770.0
2017-12-21,90856.0,142944.0
2017-12-22,134067.0,207585.0
2017-12-26,89632.0,168419.0
2017-12-27,87462.0,145480.0
2017-12-28,78229.0,130241.0
2017-12-29,89548.0,152369.0
2018-01-02,87373.0,144770.0
2018-01-03,92105.0,137272.0
2018-01-04,213335.0,327643.0
2018-01-05,142049.0,192508.0
2018-01-08,215203.0,331632.0
2018-01-09,107174.0,188995.0
2018-01-10,72787.0,109925.0
2018-01-11,160200.0,257620.0
2018-01-12,117925.0,177067.0
2018-01-16,135175.0,211305.0
2018-01-17,134119.0,214199.0
2018-01-18,152476.0,222936.0
2018-01-19,148124.0,177567.0
2018-01-22,116995.0,170425.0
2018-01-23,98267.0,159147.0
2018-01-24,137091.0,180391.0
2018-01-25,166005.0,239175.0
2018-01-26,127623.0,185325.0
2018-01-29,111022.0,166979.0
2018-01-30,101428.0,166156.0
2018-01-31,93977.0,153584.0
2018-02-01,95714.0,151266.0
2018-02-02,82205.0,168776.0
2018-02-05,86495.0,131555.0
2018-02-06,115158.0,173173.0
2018-02-07,166132.0,223044.0
2018-02-08,241243.0,390816.0
2018-02-09,541930.0,741582.0
2018-02-12,191624.0,252507.0
2018-02-13,131798.0,177388.0
2018-02-14,125972.0,179493.0
2018-02-15,175304.0,231541.0
2018-02-16,187339.0,257216.0
2018-02-20,125400.0,216697.0
2018-02-21,102016.0,152491.0
2018-02-22,231823.0,328535.0
2018-02-23,168474.0,263178.0
2018-02-26,112390.0,167991.0
2018-02-27,150736.0,225641.0
2018-02-28,191840.0,262755.0
2018-03-01,199143.0,331195.0
2018-03-02,182731.0,255592.0
2018-03-05,103173.0,153488.0
2018-03-06,101120.0,150585.0
2018-03-07,146056.0,205911.0
2018-03-08,109543.0,176524.0
2018-03-09,197305.0,265723.0
2018-03-12,286874.0,343453.0
2018-03-13,185538.0,260303.0
2018-03-14,245362.0,342489.0
2018-03-15,169476.0,232622.0
2018-03-16,162324.0,262498.0
2018-03-19,234066.0,333189.0
2018-03-20,147546.0,210475.0
2018-03-21,178185.0,267425.0
2018-03-22,134876.0,217714.0
2018-03-23,215079.0,342490.0
2018-03-26,288548.0,384897.0
2018-03-27,475613.0,613103.0
2018-03-28,741596.0,940122.0
2018-03-29,537130.0,737163.0
2018-04-02,404631.0,571540.0
2018-04-03,507984.0,759916.0
2018-04-04,593355.0,834133.0
2018-04-05,770153.0,1026326.0
2018-04-06,330231.0,527426.0
2018-04-09,291623.0,401851.0
2018-04-10,269903.0,470151.0
2018-04-11,190807.0,302528.0
2018-04-12,220895.0,335138.0
2018-04-13,216699.0,345918.0
2018-04-16,133855.0,210859.0
2018-04-17,163179.0,255785.0
2018-04-18,169089.0,271300.0
2018-04-19,138257.0,235091.0
2018-04-20,161647.0,253645.0
2018-04-23,156891.0,194933.0
2018-04-24,186225.0,220919.0
2018-04-25,192422.0,234511.0
2018-04-26,160951.0,212918.0
2018-04-27,180233.0,231946.0
2018-04-30,97362.0,126398.0
2018-05-01,149248.0,180812.0
2018-05-02,194353.0,261649.0
2018-05-03,504756.0,661331.0
2018-05-04,212817.0,341563.0
2018-05-07,206901.0,308972.0
2018-05-08,167827.0,246462.0
2018-05-09,131946.0,220727.0
2018-05-10,163967.0,276788.0
2018-05-11,149495.0,264473.0
2018-05-14,196645.0,258725.0
2018-05-15,292526.0,414933.0
2018-05-16,150298.0,237628.0
2018-05-17,122643.0,202665.0
2018-05-18,192133.0,328833.0
2018-05-21,209587.0,353329.0
2018-05-22,241339.0,342262.0
2018-05-23,146012.0,217151.0
2018-05-24,85030.0,134661.0
2018-05-25,98089.0,152027.0
2018-05-29,126028.0,219270.0
2018-05-30,198856.0,332708.0
2018-05-31,143723.0,216654.0
2018-06-01,198093.0,327578.0
2018-06-04,152863.0,237568.0
2018-06-05,162432.0,252461.0
2018-06-06,506485.0,891812.0
2018-06-07,437467.0,696567.0
2018-06-08,267831.0,412636.0
2018-06-11,271857.0,459334.0
2018-06-12,831952.0,1003977.0
2018-06-13,307679.0,416890.0
2018-06-14,385966.0,472750.0
2018-06-15,354769.0,455445.0
2018-06-18,290649.0,415574.0
2018-06-19,324752.0,479756.0
2018-06-20,229734.0,317111.0
2018-06-21,220972.0,315106.0
2018-06-22,292522.0,455603.0
2018-06-25,214132.0,301058.0
2018-06-26,185092.0,273874.0
2018-06-27,242935.0,336522.0
2018-06-28,269270.0,367678.0
2018-06-29,168778.0,252841.0
2018-07-02,371611.0,609252.0
2018-07-03,281996.0,433986.0
2018-07-05,399121.0,612482.0
2018-07-06,226287.0,318336.0
2018-07-09,182493.0,235144.0
2018-07-10,227757.0,289559.0
2018-07-11,100728.0,158159.0
2018-07-12,105099.0,148576.0
2018-07-13,167548.0,210576.0
2018-07-16,159362.0,220356.0
2018-07-17,168824.0,234572.0
2018-07-18,139386.0,178746.0
2018-07-19,172655.0,226025.0
2018-07-20,155743.0,193160.0
2018-07-23,235419.0,345386.0
2018-07-24,224980.0,344975.0
2018-07-25,258794.0,330615.0
2018-07-26,146587.0,177754.0
2018-07-27,206535.0,254995.0
2018-07-30,172553.0,225073.0
2018-07-31,136240.0,176533.0
2018-08-01,215688.0,297505.0
2018-08-02,707183.0,906486.0
2018-08-03,432244.0,541740.0
2018-08-06,154331.0,265401.0
2018-08-07,784962.0,1123952.0
2018-08-08,552807.0,798516.0
2018-08-09,322348.0,561768.0
2018-08-10,287767.0,431326.0
2018-08-13,210651.0,323536.0
2018-08-14,159041.0,222227.0
2018-08-15,215251.0,301781.0
2018-08-16,131024.0,181370.0
2018-08-17,454114.0,638807.0
2018-08-20,320490.0,420820.0
2018-08-21,263272.0,340378.0
2018-08-22,134416.0,174057.0
2018-08-23,97226.0,140436.0
2018-08-24,78587.0,110518.0
2018-08-27,207949.0,277110.0
2018-08-28,215081.0,256675.0
2018-08-29,164939.0,200036.0
2018-08-30,172622.0,222780.0
2018-08-31,176304.0,210686.0
2018-09-04,214862.0,270199.0
2018-09-05,176802.0,247795.0
2018-09-06,215178.0,281996.0
2018-09-07,447202.0,689734.0
2018-09-10,243666.0,380688.0
2018-09-11,181230.0,219857.0
2018-09-12,272757.0,355467.0
2018-09-13,182899.0,230256.0
2018-09-14,231371.0,289064.0
2018-09-17,157618.0,198301.0
2018-09-18,432060.0,529007.0
2018-09-19,236911.0,304420.0
2018-09-20,197550.0,256876.0
2018-09-21,119319.0,162465.0
2018-09-24,130418.0,195657.0
2018-09-25,129574.0,189248.0
2018-09-26,226108.0,374320.0
2018-09-27,181369.0,239969.0
2018-09-28,547161.0,1077737.0
2018-10-01,332563.0,725290.0
2018-10-02,229824.0,307024.0
2018-10-03,156359.0,245796.0
2018-10-04,241714.0,370259.0
2018-10-05,530153.0,739826.0
2018-10-08,311014.0,440403.0
2018-10-09,257735.0,388379.0
2018-10-10,302324.0,422608.0
2018-10-11,175259.0,272870.0
2018-10-12,218009.0,332076.0
2018-10-15,156376.0,232918.0
2018-10-16,256068.0,439952.0
2018-10-17,227049.0,334381.0
2018-10-18,145209.0,226892.0
2018-10-19,312525.0,463077.0
2018-10-22,116835.0,166172.0
2018-10-23,471669.0,686458.0
2018-10-24,343490.0,514560.0
2018-10-25,500643.0,790069.0
2018-10-26,813306.0,1143933.0
2018-10-29,325860.0,398519.0
2018-10-30,178253.0,260280.0
2018-10-31,178520.0,220910.0
2018-11-01,266240.0,311909.0
2018-11-02,203428.0,246544.0
2018-11-05,169735.0,246476.0
2018-11-06,197798.0,261130.0
2018-11-07,265852.0,349935.0
2018-11-08,200668.0,254903.0
2018-11-09,185921.0,253778.0
2018-11-12,204287.0,300154.0
2018-11-13,172647.0,231193.0
2018-11-14,153597.0,203733.0
2018-11-15,177377.0,250586.0
2018-11-16,308621.0,442399.0
2018-11-19,264766.0,398131.0
2018-11-20,225035.0,348665.0
2018-11-21,133147.0,183823.0
2018-11-23,153942.0,206445.0
2018-11-26,290409.0,365045.0
2018-11-27,182410.0,252286.0
2018-11-28,131626.0,169042.0
2018-11-29,97712.0,137902.0
2018-11-30,250342.0,325235.0
2018-12-03,304253.0,436995.0
2018-12-04,290044.0,385349.0
2018-12-06,240843.0,382180.0
2018-12-07,457239.0,646574.0
2018-12-10,164202.0,240388.0
2018-12-11,131838.0,202075.0
2018-12-12,149138.0,201079.0
2018-12-13,230367.0,305291.0
2018-12-14,178500.0,266657.0
2018-12-17,249683.0,369704.0
2018-12-18,156845.0,235144.0
2018-12-19,187604.0,265900.0
2018-12-20,266965.0,371523.0
2018-12-21,258277.0,344401.0
2018-12-24,159128.0,219097.0
2018-12-26,258682.0,357753.0
2018-12-27,299964.0,413842.0
2018-12-28,305641.0,413268.0
2018-12-31,193830.0,263535.0
2019-01-02,274973.0,448136.0
2019-01-03,173303.0,294173.0
2019-01-04,280162.0,337355.0
2019-01-07,229386.0,275758.0
2019-01-08,168484.0,226058.0
2019-01-09,171067.0,228352.0
2019-01-10,202924.0,271105.0
2019-01-11,194619.0,249574.0
2019-01-14,124772.0,171160.0
2019-01-15,153441.0,204821.0
2019-01-16,114498.0,157708.0
2019-01-17,107101.0,141983.0
2019-01-18,420842.0,780972.0
2019-01-22,255983.0,444009.0
2019-01-23,352784.0,512199.0
2019-01-24,202138.0,306351.0
2019-01-25,220302.0,345048.0
2019-01-28,153154.0,215053.0
2019-01-29,106037.0,150325.0
2019-01-30,209535.0,317326.0
2019-01-31,314683.0,459825.0
2019-02-01,207067.0,337631.0
2019-02-04,206688.0,296786.0
2019-02-05,151421.0,259172.0
2019-02-06,126704.0,193585.0
2019-02-07,192346.0,294363.0
2019-02-08,148366.0,237619.0
2019-02-11,130620.0,211953.0
2019-02-12,107749.0,158185.0
2019-02-13,115199.0,182910.0
2019-02-14,108805.0,162051.0
2019-02-15,85882.0,182127.0
2019-02-19,105253.0,179704.0
2019-02-20,150995.0,239536.0
2019-02-21,200848.0,311317.0
2019-02-22,147491.0,247016.0
2019-02-25,147552.0,234993.0
2019-02-26,197256.0,292639.0
2019-02-27,227395.0,390103.0
2019-02-28,173953.0,318024.0
2019-03-01,660799.0,929656.0
2019-03-04,457121.0,641580.0
2019-03-05,412805.0,687192.0
2019-03-06,200392.0,344687.0
2019-03-07,173996.0,348654.0
2019-03-08,180788.0,316848.0
2019-03-11,131580.0,256620.0
2019-03-12,142337.0,246168.0
2019-03-13,110771.0,221688.0
2019-03-14,137461.0,253256.0
2019-03-15,267974.0,454609.0
2019-03-18,248471.0,371028.0
2019-03-19,333147.0,430452.0
2019-03-20,268126.0,360996.0
2019-03-21,168771.0,239635.0
2019-03-22,358319.0,515339.0
2019-03-25,256572.0,416447.0
2019-03-26,136775.0,264601.0
2019-03-27,206161.0,392404.0
2019-03-28,193135.0,269535.0
2019-03-29,184354.0,282389.0
2019-04-01,224078.0,317735.0
2019-04-02,137144.0,221883.0
2019-04-03,255305.0,352825.0
2019-04-04,417536.0,763137.0
2019-04-05,180661.0,542217.0
2019-04-08,183756.0,332154.0
2019-04-09,144187.0,249567.0
2019-04-10,122218.0,223674.0
2019-04-11,213361.0,384162.0
2019-04-12,131753.0,293440.0
2019-04-15,224844.0,401112.0
2019-04-16,160452.0,299519.0
2019-04-17,141759.0,216031.0
2019-04-18,118023.0,215133.0
2019-04-22,209512.0,344675.0
2019-04-23,274637.0,373608.0
2019-04-24,265525.0,383559.0
2019-04-25,758638.0,1092444.0
2019-04-26,641934.0,1064593.0
2019-04-29,320542.0,539304.0
2019-04-30,259406.0,358960.0
2019-05-01,282864.0,392642.0
2019-05-02,533000.0,738313.0
2019-05-03,589945.0,898503.0
2019-05-06,231134.0,336862.0
2019-05-07,263379.0,414145.0
2019-05-08,116546.0,201261.0
2019-05-09,151090.0,246408.0
2019-05-10,203968.0,360602.0
2019-05-13,268008.0,440130.0
2019-05-14,168814.0,296169.0
2019-05-15,162838.0,311902.0
2019-05-16,268904.0,453821.0
2019-05-17,612446.0,1071704.0
2019-05-20,348085.0,624555.0
2019-05-21,227636.0,485340.0
2019-05-22,281609.0,593875.0
2019-05-23,517912.0,815053.0
2019-05-24,382191.0,571827.0
2019-05-28,250807.0,367082.0
2019-05-29,268090.0,405496.0
2019-05-30,185439.0,269738.0
2019-05-31,430811.0,620422.0
2019-06-03,292982.0,642514.0
2019-06-04,563438.0,840598.0
2019-06-05,409237.0,616289.0
2019-06-06,732286.0,1070594.0
2019-06-07,729162.0,999553.0
2019-06-10,302928.0,492044.0
2019-06-11,280156.0,504822.0
2019-06-12,365437.0,674821.0
2019-06-13,158004.0,366369.0
2019-06-14,178339.0,404336.0
2019-06-17,300399.0,634619.0
2019-06-18,387481.0,725009.0
2019-06-19,158772.0,339936.0
2019-06-20,313939.0,649197.0
2019-06-21,281572.0,634759.0
2019-06-24,249838.0,378567.0
2019-06-25,189806.0,299702.0
2019-06-26,347666.0,496211.0
2019-06-27,235030.0,362964.0
2019-06-28,341553.0,512753.0
2019-07-01,321804.0,488349.0
2019-07-02,377767.0,558388.0
2019-07-03,574779.0,817851.0
2019-07-05,426258.0,587195.0
2019-07-08,150214.0,229660.0
2019-07-09,264577.0,345391.0
2019-07-10,378475.0,496943.0
2019-07-11,311372.0,461013.0
2019-07-12,396490.0,563933.0
2019-07-15,400821.0,650954.0
2019-07-16,291904.0,402878.0
2019-07-17,371250.0,506146.0
2019-07-18,219194.0,295204.0
2019-07-19,367593.0,521094.0
2019-07-22,238272.0,330230.0
2019-07-23,232635.0,299846.0
2019-07-24,410122.0,544478.0
2019-07-25,542220.0,1086823.0
2019-07-26,330951.0,562336.0
2019-07-29,340027.0,512190.0
2019-07-30,282694.0,436141.0
2019-07-31,460104.0,668829.0
2019-08-01,435607.0,596601.0
2019-08-02,329704.0,472968.0
2019-08-05,318586.0,482558.0
2019-08-06,199366.0,284256.0
2019-08-07,226603.0,313832.0
2019-08-08,309444.0,413431.0
2019-08-09,235397.0,334115.0
2019-08-12,222394.0,318671.0
2019-08-13,366743.0,491805.0
2019-08-14,578858.0,879885.0
2019-08-15,447274.0,669087.0
2019-08-16,383893.0,531683.0
2019-08-19,349356.0,470046.0
2019-08-20,250578.0,311544.0
2019-08-21,554165.0,675306.0
2019-08-22,344789.0,434658.0
2019-08-23,622562.0,793715.0
2019-08-26,235890.0,324338.0
2019-08-27,309499.0,415726.0
2019-08-28,175583.0,245267.0
2019-08-29,393303.0,498777.0
2019-08-30,750454.0,1039140.0
2019-09-03,295711.0,423627.0
2019-09-04,370263.0,482012.0
2019-09-05,612921.0,756547.0
2019-09-06,332758.0,484464.0
2019-09-09,287885.0,414649.0
2019-09-10,462454.0,583606.0
2019-09-11,1073405.0,1357008.0
2019-09-12,820966.0,1163179.0
2019-09-13,505044.0,710541.0
2019-09-16,281770.0,469510.0
2019-09-17,310566.0,408977.0
2019-09-18,286997.0,473789.0
2019-09-19,331989.0,469116.0
2019-09-20,505523.0,808759.0
2019-09-23,316173.0,389937.0
2019-09-24,1034511.0,1399903.0
2019-09-25,681779.0,815845.0
2019-09-26,945806.0,1143657.0
2019-09-27,770921.0,1045248.0
2019-09-30,306376.0,434062.0
2019-10-01,517942.0,643933.0
2019-10-02,313036.0,425820.0
2019-10-03,877575.0,1211316.0
2019-10-04,537523.0,660732.0
2019-10-07,477535.0,585512.0
2019-10-08,623194.0,730321.0
2019-10-09,561775.0,668043.0
2019-10-10,378190.0,508393.0
2019-10-11,538270.0,723762.0
2019-10-14,591451.0,844492.0
2019-10-15,321443.0,490592.0
2019-10-16,459116.0,666532.0
2019-10-17,348794.0,446896.0
2019-10-18,356054.0,563052.0
2019-10-21,149315.0,206579.0
2019-10-22,141070.0,193441.0
2019-10-23,365256.0,490331.0
2019-10-24,1241305.0,1623103.0
2019-10-25,1488278.0,2106036.0
2019-10-28,733761.0,1090161.0
2019-10-29,443015.0,758609.0
2019-10-30,365058.0,593819.0
2019-10-31,234359.0,397027.0
2019-11-01,446334.0,703232.0
2019-11-04,384842.0,602866.0
2019-11-05,303774.0,515146.0
2019-11-06,497352.0,767804.0
2019-11-07,848397.0,1411254.0
2019-11-08,328781.0,559078.0
2019-11-11,329171.0,559819.0
2019-11-12,296621.0,528687.0
2019-11-13,211275.0,495391.0
2019-11-14,120600.0,399043.0
2019-11-15,171255.0,422051.0
2019-11-18,137010.0,295911.0
2019-11-19,280010.0,540007.0
2019-11-20,229617.0,423002.0
2019-11-21,169410.0,369025.0
2019-11-22,658823.0,1216052.0
2019-11-25,594496.0,1095733.0
2019-11-26,437809.0,774756.0
2019-11-27,284471.0,525936.0
2019-11-29,131576.0,332703.0
2019-12-02,246232.0,535636.0
2019-12-03,354459.0,723708.0
2019-12-04,176665.0,331694.0
2019-12-05,222461.0,403750.0
2019-12-06,367868.0,902700.0
2019-12-09,427501.0,898315.0
2019-12-10,490419.0,878188.0
2019-12-11,389198.0,739173.0
2019-12-12,466473.0,833743.0
2019-12-13,476499.0,824917.0
2019-12-16,921901.0,1764874.0
2019-12-17,506644.0,745538.0
2019-12-18,823802.0,1463381.0
2019-12-19,1040195.0,1776548.0
2019-12-20,830610.0,1432981.0
2019-12-23,853745.0,1372433.0
2019-12-24,472109.0,750136.0
2019-12-26,512145.0,910499.0
2019-12-27,585300.0,871081.0
2019-12-30,541428.0,865414.0
2019-12-31,432172.0,780684.0
2020-01-02,377464.0,827340.0
2020-01-03,928224.0,1492981.0
2020-01-06,419057.0,765271.0
2020-01-07,889089.0,1456460.0
2020-01-08,1537673.0,2438722.0
2020-01-09,1356010.0,2126564.0
2020-01-10,598265.0,1010011.0
2020-01-13,1153914.0,2140963.0
2020-01-14,1138100.0,1899034.0
2020-01-15,733465.0,1163100.0
2020-01-16,835729.0,1500449.0
2020-01-17,534436.0,1074671.0
2020-01-21,592705.0,1253393.0
2020-01-22,1236712.0,2606830.0
2020-01-23,744436.0,1524267.0
2020-01-24,533801.0,1173498.0
2020-01-27,499532.0,874376.0
2020-01-28,350548.0,683877.0
2020-01-29,540785.0,1099741.0
2020-01-30,968179.0,1892358.0
2020-01-31,768270.0,1386596.0
2020-02-03,1736377.0,2867635.0
2020-02-04,1994093.0,2947348.0
2020-02-05,1398302.0,2618477.0
2020-02-06,1149760.0,1994110.0
2020-02-07,601858.0,911710.0
2020-02-10,530917.0,1101140.0
2020-02-11,253855.0,546909.0
2020-02-12,319605.0,630498.0
2020-02-13,660268.0,1375985.0
2020-02-14,508225.0,975750.0
2020-02-18,607772.0,1004482.0
2020-02-19,891878.0,1498512.0
2020-02-20,779878.0,1237512.0
2020-02-21,583654.0,960002.0
2020-02-24,569177.0,817944.0
2020-02-25,544986.0,795696.0
2020-02-26,434883.0,705754.0
2020-02-27,675296.0,1240746.0
2020-02-28,859503.0,1517966.0
2020-03-02,836743.0,1367397.0
2020-03-03,940151.0,1388710.0
2020-03-04,630318.0,995494.0
2020-03-05,493267.0,794688.0
2020-03-06,702805.0,1220276.0
2020-03-09,743161.0,1442400.0
2020-03-10,580803.0,1110120.0
2020-03-11,799911.0,1279298.0
2020-03-12,653542.0,1494042.0
2020-03-13,791108.0,1792033.0
2020-03-16,565174.0,1454249.0
2020-03-17,708993.0,1687931.0
2020-03-18,917755.0,2078702.0
2020-03-19,1151985.0,2187211.0
2020-03-20,1765783.0,2664371.0
2020-03-23,802133.0,1376468.0
2020-03-24,1375000.0,2186566.0
2020-03-25,1364003.0,2000970.0
2020-03-26,1193843.0,1759474.0
2020-03-27,1167511.0,1684669.0
2020-03-30,694009.0,1141633.0
2020-03-31,1007453.0,1595384.0
2020-04-01,891341.0,1351052.0
2020-04-02,1063817.0,1674845.0
2020-04-03,1264527.0,2054166.0
2020-04-06,758674.0,1294240.0
2020-04-07,948927.0,1664309.0
2020-04-08,762765.0,1104776.0
2020-04-09,865506.0,1345097.0
2020-04-13,1098980.0,1725981.0
2020-04-14,1796087.0,2759173.0
2020-04-15,1479093.0,2046493.0
2020-04-16,1309543.0,1863626.0
2020-04-17,926524.0,1356006.0
2020-04-20,940261.0,1311736.0
2020-04-21,1400612.0,2117960.0
2020-04-22,937723.0,1324563.0
2020-04-23,819695.0,1186697.0
2020-04-24,755712.0,1155716.0
2020-04-27,1019304.0,1571843.0
2020-04-28,712077.0,1116670.0
2020-04-29,653526.0,1143895.0
2020-04-30,714493.0,1289960.0
2020-05-01,1062284.0,2231902.0
2020-05-04,498190.0,1212876.0
2020-05-05,666114.0,1276377.0
2020-05-06,409513.0,794493.0
2020-05-07,475721.0,880081.0
2020-05-08,843515.0,1514598.0
2020-05-11,754683.0,1406843.0
2020-05-12,634607.0,1298454.0
2020-05-13,784688.0,1547943.0
2020-05-14,671905.0,1303028.0
2020-05-15,539631.0,1022553.0
2020-05-18,510307.0,915464.0
2020-05-19,445165.0,739138.0
2020-05-20,304780.0,549352.0
2020-05-21,576505.0,1066534.0
2020-05-22,473426.0,941179.0
2020-05-26,359184.0,654706.0
2020-05-27,571006.0,995956.0
2020-05-28,332675.0,664854.0
2020-05-29,567936.0,1106056.0
2020-06-01,549148.0,929281.0
2020-06-02,381923.0,651886.0
2020-06-03,234104.0,410346.0
2020-06-04,417095.0,601534.0
2020-06-05,428943.0,573908.0
2020-06-08,472287.0,773280.0
2020-06-09,446312.0,667019.0
2020-06-10,938032.0,1181853.0
2020-06-11,741126.0,932563.0
2020-06-12,767164.0,966091.0
2020-06-15,438881.0,663258.0
2020-06-16,309624.0,494037.0
2020-06-17,273550.0,412409.0
2020-06-18,250905.0,378840.0
2020-06-19,268789.0,392433.0
2020-06-22,179265.0,269871.0
2020-06-23,151122.0,248877.0
2020-06-24,354889.0,516075.0
2020-06-25,288585.0,480457.0
2020-06-26,315314.0,514190.0
2020-06-29,294270.0,435890.0
2020-06-30,572262.0,738742.0
2020-07-01,478511.0,610103.0
2020-07-02,675416.0,839030.0
2020-07-06,657962.0,907968.0
2020-07-07,625014.0,836966.0
2020-07-08,525237.0,732744.0
2020-07-09,371741.0,490333.0
2020-07-10,793320.0,1153504.0
2020-07-13,969745.0,1508759.0
2020-07-14,548980.0,907006.0
2020-07-15,406487.0,579295.0
2020-07-16,344265.0,455495.0
2020-07-17,277500.0,372080.0
2020-07-20,297910.0,529997.0
2020-07-21,298111.0,527391.0
2020-07-22,270982.0,457507.0
2020-07-23,481435.0,815755.0
2020-07-24,421557.0,731612.0
2020-07-27,224843.0,414380.0
2020-07-28,262812.0,475985.0
2020-07-29,171325.0,319653.0
2020-07-30,168403.0,269294.0
2020-07-31,280208.0,505779.0
2020-08-03,154905.0,282100.0
2020-08-04,188547.0,303401.0
2020-08-05,131853.0,215654.0
2020-08-06,161984.0,255694.0
2020-08-07,291362.0,450231.0
2020-08-10,205932.0,310488.0
2020-08-11,191036.0,303326.0
2020-08-12,442346.0,783988.0
2020-08-13,442734.0,750266.0
2020-08-14,287546.0,530788.0
2020-08-17,378770.0,801487.0
2020-08-18,327812.0,677240.0
2020-08-19,300322.0,497501.0
2020-08-20,517856.0,966333.0
2020-08-21,526384.0,1080950.0
2020-08-24,537670.0,701126.0
2020-08-25,270785.0,344486.0
2020-08-26,366899.0,522870.0
2020-08-27,730454.0,939543.0
2020-08-28,488578.0,779632.0
2020-08-31,2538236.0,4392754.0
2020-09-01,1741036.0,3318921.0
2020-09-02,1689686.0,3787370.0
2020-09-03,1505046.0,3153023.0
2020-09-04,1541742.0,4029811.0
2020-09-08,1833613.0,3958891.0
2020-09-09,1417087.0,2624442.0
2020-09-10,1530262.0,2365948.0
2020-09-11,1285700.0,1909651.0
2020-09-14,1308738.0,2346607.0
2020-09-15,1928593.0,3091793.0
2020-09-16,1352740.0,2423406.0
2020-09-17,1223198.0,2162610.0
2020-09-18,1863647.0,3056776.0
2020-09-21,2778946.0,4253165.0
2020-09-22,2710505.0,5533020.0
2020-09-23,2308908.0,3608738.0
2020-09-24,1794131.0,3401112.0
2020-09-25,1729857.0,2653060.0
2020-09-28,1085070.0,1769863.0
2020-09-29,1194986.0,2085754.0
2020-09-30,1382013.0,2298042.0
2020-10-01,1359741.0,2291342.0
2020-10-02,1975429.0,3493544.0
2020-10-05,895081.0,1511607.0
2020-10-06,1077983.0,1718668.0
2020-10-07,1140906.0,2001574.0
2020-10-08,999568.0,1658574.0
2020-10-09,851035.0,1414971.0
2020-10-12,1129944.0,1874061.0
2020-10-13,1077487.0,1919080.0
2020-10-14,1076092.0,2193276.0
2020-10-15,894367.0,1665659.0
2020-10-16,980978.0,1953637.0
2020-10-19,829007.0,1552712.0
2020-10-20,669562.0,1320892.0
2020-10-21,798911.0,1301990.0
2020-10-22,1134729.0,1757858.0
2020-10-23,873483.0,1618407.0
2020-10-26,787534.0,1244232.0
2020-10-27,735931.0,1266717.0
2020-10-28,1163008.0,1750093.0
2020-10-29,953402.0,1638544.0
2020-10-30,1676807.0,2700915.0
2020-11-02,633273.0,1027347.0
2020-11-03,970286.0,1567341.0
2020-11-04,877645.0,1510202.0
2020-11-05,777425.0,1325973.0
2020-11-06,614784.0,1065370.0
2020-11-09,780404.0,1452343.0
2020-11-10,649783.0,1112895.0
2020-11-11,633804.0,925631.0
2020-11-12,507994.0,800102.0
2020-11-13,621744.0,976885.0
2020-11-16,360298.0,745331.0
2020-11-17,1353875.0,2077795.0
2020-11-18,1823737.0,3038421.0
2020-11-19,1382731.0,2143737.0
2020-11-20,845234.0,1379515.0
2020-11-23,1457331.0,2187159.0
2020-11-24,1480877.0,1934190.0
2020-11-25,1570550.0,2074202.0
2020-11-27,1196533.0,1750276.0
2020-11-30,1405823.0,2093976.0
2020-12-01,934024.0,1462446.0
2020-12-02,978510.0,1551905.0
2020-12-03,1183169.0,1652306.0
2020-12-04,852779.0,1217097.0
2020-12-07,985129.0,1787253.0
2020-12-08,1024657.0,2271137.0
2020-12-09,1184160.0,2421587.0
2020-12-10,917975.0,2039994.0
2020-12-11,956235.0,1945794.0
2020-12-14,535763.0,1326382.0
2020-12-15,591359.0,1295941.0
2020-12-16,652589.0,1358382.0
2020-12-17,1519078.0,2378344.0
2020-12-18,4965759.0,6710852.0
2020-12-21,1819079.0,2309937.0
2020-12-22,1772474.0,2228470.0
2020-12-23,989010.0,1248297.0
2020-12-24,886978.0,1052955.0
2020-12-28,800340.0,1064201.0
2020-12-29,682811.0,845163.0
2020-12-30,1320057.0,1684877.0
2020-12-31,1560405.0,2029742.0
2021-01-04,1280604.0,1701333.0
2021-01-05,884994.0,1137628.0
2021-01-06,1193942.0,1725285.0
2021-01-07,1633684.0,2173524.0
2021-01-08,2346411.0,3086164.0
2021-01-11,1556354.0,2119258.0
2021-01-12,1153068.0,1596889.0
2021-01-13,799250.0,1212074.0
2021-01-14,835766.0,1189023.0
2021-01-15,929706.0,1452044.0
2021-01-19,684540.0,921860.0
2021-01-20,685215.0,902975.0
2021-01-21,555818.0,729763.0
2021-01-22,675303.0,890725.0
2021-01-25,1022350.0,1485656.0
2021-01-26,585496.0,776974.0
2021-01-27,781681.0,1095747.0
2021-01-28,950215.0,1253259.0
2021-01-29,1326513.0,1665909.0
2021-02-01,656169.0,1065737.0
2021-02-02,751087.0,1116054.0
2021-02-03,488236.0,778951.0
2021-02-04,466322.0,744913.0
2021-02-05,691215.0,1051187.0
2021-02-08,516368.0,902125.0
2021-02-09,447136.0,748956.0
2021-02-10,887687.0,1599198.0
2021-02-11,666407.0,978083.0
2021-02-12,938602.0,1169126.0
2021-02-16,579481.0,854704.0
2021-02-17,794275.0,1085641.0
2021-02-18,619647.0,801839.0
2021-02-19,702752.0,1027704.0
2021-02-22,823052.0,1400322.0
